{"type":"sprite","x":0,"y":0,"name":"mc","0":{"type":"bitmap","libName":"rayscale","x":48,"y":263.45,"r":0,"sx":1,"sy":1,"skewX":0,"skewY":0},"1":{"x":188.25,"y":181.45,"name":"","type":"sprite","r":0,"sx":1,"sy":1,"a":1,"skewX":0,"skewY":0,"0":{"x":116.5,"y":254.4,"name":"","type":"sprite","r":0,"sx":1,"sy":1,"a":1,"skewX":0,"skewY":0,"0":{"type":"bitmap","libName":"pourDot","x":-42,"y":-42,"r":0,"sx":1,"sy":1,"skewX":0,"skewY":0}},"1":{"type":"bitmap","libName":"pourLen","x":0,"y":-339,"r":0,"sx":1,"sy":1,"skewX":0,"skewY":0}},"2":{"type":"bitmap","libName":"bearDir","x":-45,"y":75,"r":0,"sx":1,"sy":1,"skewX":0,"skewY":0},"3":{"type":"shape","path":[255,104.55,-94,2,109.05,-98,2,109.05,-98,1,1,16777215,1,32]},"4":{"type":"bitmap","libName":"thurF","x":-127.1,"y":171.45,"r":0,"sx":1,"sy":1,"skewX":0,"skewY":0},"5":{"x":38.6,"y":51.7,"name":"skin","type":"sprite","r":0,"sx":1,"sy":1,"a":1,"skewX":0,"skewY":0,"0":{"type":"bitmap","libName":"qianban","x":15,"y":0,"r":0,"sx":1,"sy":1,"skewX":0,"skewY":0},"1":{"type":"bitmap","libName":"houban","x":0,"y":110.55,"r":0,"sx":1,"sy":1,"skewX":0,"skewY":0},"2":{"type":"bitmap","libName":"qian","x":91.65,"y":77.7,"r":3.141592653589793,"sx":1,"sy":1,"skewX":3.141592653589793,"skewY":3.141592653589793},"3":{"type":"bitmap","libName":"hou","x":136.65,"y":44.75,"r":0,"sx":0.9999847412109375,"sy":0.9999847412109375,"skewX":0,"skewY":0}},"6":{"type":"bitmap","libName":"fix","x":-135.15,"y":-5.55,"r":0,"sx":1,"sy":1,"skewX":0,"skewY":0},"7":{"type":"bitmap","libName":"bear","x":-103.7,"y":79.45,"r":0,"sx":1,"sy":1,"skewX":0,"skewY":0},"8":{"type":"shape","path":[255,14.8,-96.95,2,18.9,-96.95,2,18.9,-110,2,31.95,-110,2,31.95,-114.05,2,18.9,-114.05,2,18.9,-127.1,2,14.8,-127.1,2,14.8,-114.05,2,1.8,-114.05,2,1.8,-110,2,14.8,-110,2,14.8,-96.95,2,14.8,-96.95,1,255,16.95,-90.15,26.25,-90.15,32.85,-96.75,3,32.85,-96.75,39.45,-103.35,39.45,-112.65,3,39.45,-112.65,39.45,-121.95,32.85,-128.55,3,32.85,-128.55,26.25,-135.15,16.95,-135.15,3,16.95,-135.15,7.65,-135.15,1.05,-128.55,3,1.05,-128.55,-5.55,-121.95,-5.55,-112.65,3,-5.55,-112.65,-5.55,-103.35,1.05,-96.75,3,1.05,-96.75,7.65,-90.15,16.95,-90.15,3,1,16777215,33]},"9":{"type":"bitmap","libName":"arrowHead3","x":-206,"y":162,"r":0,"sx":1,"sy":1,"skewX":0,"skewY":0},"10":{"type":"bitmap","libName":"arrowBody3","x":-201,"y":124,"r":0,"sx":1,"sy":1,"skewX":0,"skewY":0},"11":{"type":"bitmap","libName":"arrowHead2","x":-239,"y":161,"r":0,"sx":1,"sy":1,"skewX":0,"skewY":0},"12":{"type":"bitmap","libName":"arrowBody2","x":-234,"y":123,"r":0,"sx":1,"sy":1,"skewX":0,"skewY":0},"13":{"type":"bitmap","libName":"arrowHead","x":-279.1,"y":160.55,"r":0,"sx":1,"sy":1,"skewX":0,"skewY":0},"14":{"type":"bitmap","libName":"arrowBody","x":-273.45,"y":140.55,"r":0,"sx":1,"sy":1,"skewX":0,"skewY":0},"15":{"type":"bitmap","libName":"rope","x":-133.45,"y":225.25,"r":0,"sx":1,"sy":1,"skewX":0,"skewY":0}}