{"type":"sprite","x":0,"y":0,"name":"","0":{"x":0,"y":0,"name":"bg","type":"sprite","r":0,"sx":1,"sy":1,"a":1,"skewX":0,"skewY":0,"0":{"type":"bitmap","libName":"发射@2x.png","x":-102,"y":-56,"r":0,"sx":0.5999755859375,"sy":0.5999755859375,"skewX":0,"skewY":0}},"1":{"type":"shape","path":[255,-15.95,127,2,-15.95,154,2,8.05,154,2,8.05,127,2,-15.95,127,2,-15.95,127,1,0,-52327,33]}}