{"type":"sprite","x":0,"y":0,"name":"","0":{"x":0,"y":0,"name":"maskShape","type":"sprite","r":0,"sx":1,"sy":1,"a":1,"skewX":0,"skewY":0,"0":{"type":"shape","path":[255,-278.05,8,2,-288,2.5,2,-288,101.5,2,-276.95,97.5,2,277.95,97.5,2,277.95,8.5,2,62.9,7.7,2,54.7,1.15,2,53.5,-95.45,2,58,-102.5,2,-5,-102.5,2,1.5,-96.55,2,0.2,0.75,2,-8.2,8.1,2,-106,8,2,-118,-1.5,2,-118,-96,2,-111,-103,2,-175,-103,2,-169.5,-96,2,-169.5,-2,2,-180,8.5,2,-278.05,8,2,-278.05,8,1,0.4980392156862745,0,33]}},"1":{"x":0,"y":0,"name":"bg","type":"sprite","r":0,"sx":1,"sy":1,"a":1,"skewX":0,"skewY":0,"0":{"type":"bitmap","libName":"压强演示仪.png","x":106,"y":-291,"r":0,"sx":1,"sy":1,"skewX":0,"skewY":3.141592653589793}}}