{"type":"sprite","x":0,"y":0,"name":"compnent","0":{"x":2.5,"y":-222,"name":"glassCoverAlp","type":"sprite","r":0,"sx":1,"sy":1,"a":0,"skewX":0,"skewY":0,"0":{"type":"bitmap","libName":"Bitmap 1","x":-95,"y":-89,"r":0,"sx":1,"sy":1,"skewX":0,"skewY":0},"1":{"type":"bitmap","libName":"glassCover.png","x":-100.5,"y":-59,"r":0,"sx":1,"sy":1,"skewX":0,"skewY":0}},"1":{"x":-0.5,"y":-0.5,"name":"bottle","type":"sprite","r":0,"sx":1,"sy":1,"a":1,"skewX":0,"skewY":0,"0":{"x":0.95,"y":-1.5,"name":"bottleMask","type":"sprite","r":0,"sx":1,"sy":1,"a":1,"skewX":0,"skewY":0,"0":{"type":"shape","path":[255,-251.85,80.45,-241,89,-233.2,85.05,3,-233.2,85.05,-225.45,81.05,-223.6,79.2,3,-223.6,79.2,-221.8,77.35,-183.05,74.5,3,-183.05,74.5,-144.35,71.6,-144.4,71.05,3,-144.4,71.05,-124.9,114.35,-111.25,126.4,3,-111.25,126.4,-97.6,138.4,-74.2,145.9,3,-74.2,145.9,-28.7,149.4,69.3,148.95,3,69.3,148.95,234.6,148.2,237.25,147.65,3,237.25,147.65,239.85,147.1,244.8,143.2,3,244.8,143.2,249.7,139.3,251.15,123.6,3,251.15,123.6,252.6,107.8,251.1,-14.95,3,251.1,-14.95,249.6,-135.75,249.7,-137.35,3,249.7,-137.35,249.55,-137.5,246.6,-141.9,3,246.6,-141.9,243.3,-146.8,236.55,-148.95,3,236.55,-148.95,236.05,-148.65,88.75,-148.55,3,88.75,-148.55,-58.5,-148.45,-64.7,-147.85,3,-64.7,-147.85,-110.3,-138.25,-127.5,-106.95,3,-127.5,-106.95,-144.75,-75.75,-145.05,-73.65,3,-145.05,-73.65,-145.4,-71.55,-184.1,-74.1,3,-184.1,-74.1,-222.85,-76.7,-225.95,-81.15,3,-225.95,-81.15,-229.1,-85.6,-236.9,-87.35,3,-236.9,-87.35,-244.75,-89.15,-250.9,-82.45,3,-250.9,-82.45,-251.85,-80.45,-251.4,0.55,3,-251.4,0.55,-250.9,78.4,-251.85,80.45,3,0.4980392156862745,0,33]}},"1":{"x":78.05,"y":-243.85,"name":"hitP02","type":"sprite","r":0,"sx":1,"sy":1,"a":1,"skewX":0,"skewY":0,"0":{"type":"shape","path":[255,-0.05,49.95,20.7,49.95,35.3,35.25,3,35.3,35.25,50,20.65,50,-0.05,3,50,-0.05,50,-20.75,35.3,-35.45,3,35.3,-35.45,20.7,-50,-0.05,-50,3,-0.05,-50,-20.75,-50,-35.45,-35.45,3,-35.45,-35.45,-50.05,-20.75,-50.05,-0.05,3,-50.05,-0.05,-50.05,20.65,-35.45,35.25,3,-35.45,35.25,-20.75,49.95,-0.05,49.95,3,0.4980392156862745,-65536,33]}},"2":{"x":-78.95,"y":-243.85,"name":"hitP01","type":"sprite","r":0,"sx":1,"sy":1,"a":1,"skewX":0,"skewY":0,"0":{"type":"shape","path":[255,-0.05,49.95,20.7,49.95,35.3,35.25,3,35.3,35.25,50,20.65,50,-0.05,3,50,-0.05,50,-20.75,35.3,-35.45,3,35.3,-35.45,20.7,-50,-0.05,-50,3,-0.05,-50,-20.75,-50,-35.45,-35.45,3,-35.45,-35.45,-50.05,-20.75,-50.05,-0.05,3,-50.05,-0.05,-50.05,20.65,-35.45,35.25,3,-35.45,35.25,-20.75,49.95,-0.05,49.95,3,0.4980392156862745,-65536,33]}},"3":{"x":-83.5,"y":26,"w":166.95,"h":63.4,"name":"labelTf","type":"text","r":0,"txt":"酒精","a":"center","f":"45px '微软雅黑'","c":"#000000"},"4":{"x":0,"y":58,"name":"labelBg","type":"nbMovie","r":0,"sx":1,"sy":1,"a":1,"skewX":0,"skewY":0,"0":{"index":1,"0":{"type":"bitmap","libName":"label.png","x":-122,"y":-76,"r":0,"sx":1,"sy":1,"skewX":0,"skewY":0}},"1":{"index":1,"0":{"type":"bitmap","libName":"label.png","x":-122,"y":-76,"r":0,"sx":1,"sy":1,"skewX":0,"skewY":0}}},"5":{"type":"bitmap","libName":"bottle.png","x":-181.5,"y":-255.5,"r":0,"sx":1,"sy":1,"skewX":0,"skewY":0}},"2":{"x":2.5,"y":-222,"name":"glassCover","type":"sprite","r":0,"sx":1,"sy":1,"a":1,"skewX":0,"skewY":0,"0":{"type":"bitmap","libName":"Bitmap 1","x":-95,"y":-89,"r":0,"sx":1,"sy":1,"skewX":0,"skewY":0},"1":{"type":"bitmap","libName":"glassCover.png","x":-100.5,"y":-59,"r":0,"sx":1,"sy":1,"skewX":0,"skewY":0}}}