{"type":"sprite","x":0,"y":0,"name":"compnent","0":{"x":0,"y":-31,"name":"ling","type":"sprite","r":0,"sx":1,"sy":1,"a":1,"skewX":0,"skewY":0,"0":{"type":"bitmap","libName":"铁铃.png","x":-99.5,"y":0,"r":0,"sx":1,"sy":1,"skewX":0,"skewY":0}},"1":{"x":-20.45,"y":-313,"name":"proSet","type":"sprite","r":0,"sx":1,"sy":1,"a":1,"skewX":0,"skewY":0,"0":{"type":"shape","path":[255,0,0,2,0,50,2,50,50,2,50,0,2,0,0,2,0,0,1,1,3342591,33]}},"2":{"x":84,"y":-200,"name":"bp1","type":"sprite","r":0,"sx":1,"sy":1,"a":1,"skewX":0,"skewY":0,"0":{"type":"shape","path":[255,0,20,2,20,20,2,20,0,2,0,0,2,0,20,2,0,20,1,0.6980392156862745,-1522030,33]}},"3":{"x":-99.5,"y":-200,"name":"bp0","type":"sprite","r":0,"sx":1,"sy":1,"a":1,"skewX":0,"skewY":0,"0":{"type":"shape","path":[255,0,20,2,20,20,2,20,0,2,0,0,2,0,20,2,0,20,1,0.6980392156862745,-1522030,33]}},"4":{"x":15.8,"y":-123.55,"name":"lr1","type":"sprite","r":0,"sx":1.685302734375,"sy":2.7275238037109375,"a":1,"skewX":0,"skewY":0,"0":{"type":"shape","path":[255,0,20,2,20,20,2,20,0,2,0,0,2,0,20,2,0,20,1,0.6980392156862745,-1522030,33]}},"5":{"x":-54.15,"y":-123.55,"name":"lr0","type":"sprite","r":0,"sx":1.6851043701171875,"sy":2.7270965576171875,"a":1,"skewX":0,"skewY":0,"0":{"type":"shape","path":[255,0,20,2,20,20,2,20,0,2,0,0,2,0,20,2,0,20,1,0.6980392156862745,-1522030,33]}},"6":{"x":49.5,"y":-200,"name":"chui","type":"nbMovie","r":0,"sx":1,"sy":1,"a":1,"skewX":0,"skewY":0,"0":{"index":1,"0":{"type":"bitmap","libName":"铁锤.png","x":0,"y":0,"r":0,"sx":1,"sy":1,"skewX":0,"skewY":0}},"1":{"index":1,"0":{"type":"bitmap","libName":"铁锤2.png","x":0,"y":0,"r":0,"sx":1,"sy":1,"skewX":0,"skewY":0}}},"7":{"x":0,"y":0,"name":"bg","type":"sprite","r":0,"sx":1,"sy":1,"a":1,"skewX":0,"skewY":0,"0":{"type":"bitmap","libName":"电铃.png","x":-123,"y":-252.5,"r":0,"sx":1,"sy":1,"skewX":0,"skewY":0}}}