{"type":"sprite","x":0,"y":0,"name":"","0":{"x":189.45,"y":165.45,"name":"btnView","type":"button","r":0,"sx":1.5999755859375,"sy":1,"a":1,"skewX":0,"skewY":0,"0":{"type":"bitmap","libName":"按钮按下.png","r":0,"sx":1,"sy":1},"1":{"type":"bitmap","libName":"波形按下.png","r":0,"sx":1,"sy":1},"2":{"type":"bitmap","libName":"波形按下.png","r":0,"sx":1,"sy":1},"3":{"type":"bitmap","libName":"波形按下.png","r":0,"sx":1,"sy":1}},"1":{"x":4,"y":40.1,"name":"view2","type":"sprite","r":0,"sx":1,"sy":1,"a":1,"skewX":0,"skewY":0,"0":{"x":-0.5,"y":-172.95,"name":"bulbArea","type":"sprite","r":0,"sx":1,"sy":1,"a":1,"skewX":0,"skewY":0,"0":{"type":"shape","path":[255,-109.65,109.6,-64.2,155,0,155,3,0,155,52.0673828125,155,91.725,125.15,3,91.7,125.15,2,91.75,126.05,166.15,75.45,251.9,67.7,3,251.9,67.7,2,251.9,28,2,160.55,28,2,160.55,-27.85,2,251.9,-27.85,2,251.9,-67.8,174.15,-72.1,88,-127.95,3,88,-127.95,2,88,-127.825,49.6470703125,-155,0,-155,3,0,-155,-64.2,-155,-109.65,-109.6,3,-109.65,-109.6,-155,-64.2,-155,0,3,-155,0,-155,64.25,-109.65,109.6,3,0,-65536,33]}},"1":{"x":-124.8,"y":302.5,"name":"xnB","type":"sprite","r":0,"sx":1.199951171875,"sy":1.199951171875,"a":1,"skewX":0,"skewY":0,"0":{"type":"bitmap","libName":"斜视图旋钮指示.png","x":-3.5,"y":-8.5,"r":0,"sx":1,"sy":1,"skewX":0,"skewY":0},"1":{"type":"bitmap","libName":"Bitmap 1","x":-14.55,"y":-17,"r":0,"sx":0.790679931640625,"sy":0.790679931640625,"skewX":0,"skewY":0}},"2":{"x":-316.4,"y":240.95,"name":"xnE","type":"sprite","r":0,"sx":1.0499267578125,"sy":1.0499267578125,"a":1,"skewX":0,"skewY":0,"0":{"type":"bitmap","libName":"斜视图旋钮指示.png","x":-3.5,"y":-8.5,"r":0,"sx":1,"sy":1,"skewX":0,"skewY":0},"1":{"type":"bitmap","libName":"Bitmap 1","x":-14.55,"y":-17,"r":0,"sx":0.790679931640625,"sy":0.790679931640625,"skewX":0,"skewY":0}},"3":{"x":-363.45,"y":222.95,"name":"xnRot","type":"sprite","r":0,"sx":0.9999847412109375,"sy":0.9999847412109375,"a":1,"skewX":0,"skewY":0,"0":{"type":"bitmap","libName":"斜视图旋钮指示.png","x":-3.5,"y":-8.5,"r":0,"sx":1,"sy":1,"skewX":0,"skewY":0},"1":{"type":"bitmap","libName":"Bitmap 1","x":-14.55,"y":-17,"r":0,"sx":0.790679931640625,"sy":0.790679931640625,"skewX":0,"skewY":0}},"4":{"x":-241.8,"y":300.35,"name":"pointerE","type":"sprite","r":0.43633311194690944,"sx":0.999969482421875,"sy":0.999969482421875,"a":1,"skewX":0.43633311194690944,"skewY":0.43633311194690944,"0":{"type":"bitmap","libName":"斜视图指针左.png","x":-1,"y":-52,"r":0,"sx":1,"sy":1,"skewX":0,"skewY":0}},"5":{"x":-170.9,"y":325.5,"name":"pointerB","type":"sprite","r":0.6806762777489164,"sx":1,"sy":1,"a":1,"skewX":0.6806762777489164,"skewY":0.6806762777489164,"0":{"type":"bitmap","libName":"斜视图指针右.png","x":-1,"y":-54,"r":0,"sx":1,"sy":1,"skewX":0,"skewY":0}},"6":{"x":-283,"y":282.9,"name":"btnE","type":"nbMovie","r":0,"sx":0.8999786376953125,"sy":0.8999786376953125,"a":1,"skewX":0,"skewY":0,"0":{"index":3,"0":{"type":"bitmap","libName":"拨动开关右钮.png","x":-22,"y":-13.5,"r":0,"sx":1,"sy":1,"skewX":0,"skewY":0},"1":{"type":"bitmap","libName":"Bitmap 1","x":-31.95,"y":-20.1,"r":0.2967147612706333,"sx":1.0000152587890625,"sy":0.5114898681640625,"skewX":0.29668679807918746,"skewY":0.2967147612706333},"2":{"type":"shape","path":[255,-3.8,0,2,0,0,2,-0.05,-1.75,2,0,0,2,0,0,1,1,0,1,32]}},"1":{"index":3,"0":{"type":"bitmap","libName":"拨动开关右钮.png","x":-36,"y":-18.5,"r":0,"sx":1,"sy":1,"skewX":0,"skewY":0},"1":{"type":"bitmap","libName":"Bitmap 1","x":-31.95,"y":-20.1,"r":0.2967147612706333,"sx":1.0000152587890625,"sy":0.5114898681640625,"skewX":0.29668679807918746,"skewY":0.2967147612706333},"2":{"type":"shape","path":[255,-3.8,0,2,0,0,2,-0.05,-1.75,2,0,0,2,0,0,1,1,0,1,32]}}},"7":{"x":-82.95,"y":355,"name":"btnB","type":"nbMovie","r":0,"sx":1,"sy":1,"a":1,"skewX":0,"skewY":0,"0":{"index":3,"0":{"type":"bitmap","libName":"拨动开关右钮.png","x":-22,"y":-13.5,"r":0,"sx":1,"sy":1,"skewX":0,"skewY":0},"1":{"type":"bitmap","libName":"Bitmap 1","x":-31.95,"y":-20.1,"r":0.2967147612706333,"sx":1.0000152587890625,"sy":0.5114898681640625,"skewX":0.29668679807918746,"skewY":0.2967147612706333},"2":{"type":"shape","path":[255,-3.8,0,2,0,0,2,-0.05,-1.75,2,0,0,2,0,0,1,1,0,1,32]}},"1":{"index":3,"0":{"type":"bitmap","libName":"拨动开关右钮.png","x":-36,"y":-18.5,"r":0,"sx":1,"sy":1,"skewX":0,"skewY":0},"1":{"type":"bitmap","libName":"Bitmap 1","x":-31.95,"y":-20.1,"r":0.2967147612706333,"sx":1.0000152587890625,"sy":0.5114898681640625,"skewX":0.29668679807918746,"skewY":0.2967147612706333},"2":{"type":"shape","path":[255,-3.8,0,2,0,0,2,-0.05,-1.75,2,0,0,2,0,0,1,1,0,1,32]}}},"8":{"x":-14,"y":338,"name":"btnOpen","type":"nbMovie","r":0,"sx":1,"sy":1,"a":1,"skewX":0,"skewY":0,"0":{"index":1,"0":{"type":"bitmap","libName":"斜视图关.png","x":-15.5,"y":-31.5,"r":0,"sx":1,"sy":1,"skewX":0,"skewY":0}},"1":{"index":1,"0":{"type":"bitmap","libName":"斜视图开.png","x":-15.5,"y":-31.5,"r":0,"sx":1,"sy":1,"skewX":0,"skewY":0}}},"9":{"x":-13.5,"y":396,"name":"light","type":"sprite","r":0,"sx":1,"sy":1,"a":1,"skewX":0,"skewY":0,"0":{"type":"bitmap","libName":"斜视图开指示灯.png","x":-27,"y":-28.5,"r":0,"sx":1,"sy":1,"skewX":0,"skewY":0}},"10":{"type":"bitmap","libName":"斜视图主体前.png","x":-308,"y":-488.5,"r":0,"sx":1,"sy":1,"skewX":0,"skewY":0},"11":{"x":2,"y":83,"name":"rayCore","type":"nbMovie","r":0,"sx":1,"sy":1,"a":1,"skewX":0,"skewY":0,"0":{"index":1,"0":{"type":"bitmap","libName":"非正视角0度射线芯.png","x":-32.5,"y":-153,"r":0,"sx":1,"sy":1,"skewX":0,"skewY":0}},"1":{"index":1,"0":{"type":"bitmap","libName":"非正视角45度射线芯.png","x":-32.5,"y":-153,"r":0,"sx":1,"sy":1,"skewX":0,"skewY":0}},"2":{"index":1,"0":{"type":"bitmap","libName":"非正视角-45度射线芯.png","x":-32.5,"y":-153,"r":0,"sx":1,"sy":1,"skewX":0,"skewY":0}}},"12":{"type":"bitmap","libName":"灯泡.png","x":-156,"y":-331.95,"r":0,"sx":1,"sy":1,"skewX":0,"skewY":0},"13":{"type":"bitmap","libName":"斜视图主体后.png","x":-371.5,"y":-462.5,"r":0,"sx":1,"sy":1,"skewX":0,"skewY":0}},"2":{"x":0,"y":0,"name":"view1","type":"sprite","r":0,"sx":1,"sy":1,"a":1,"skewX":0,"skewY":0,"0":{"x":3,"y":-134.55,"name":"bulbArea","type":"sprite","r":0,"sx":1,"sy":1,"a":1,"skewX":0,"skewY":0,"0":{"type":"shape","path":[255,-109.65,109.6,-64.2,155,0,155,3,0,155,52.0673828125,155,91.725,125.15,3,91.7,125.15,2,91.75,126.05,166.15,75.45,251.9,67.7,3,251.9,67.7,2,251.9,28,2,160.55,28,2,160.55,-27.85,2,251.9,-27.85,2,251.9,-67.8,174.15,-72.1,88,-127.95,3,88,-127.95,2,88,-127.825,49.6470703125,-155,0,-155,3,0,-155,-64.2,-155,-109.65,-109.6,3,-109.65,-109.6,-155,-64.2,-155,0,3,-155,0,-155,64.25,-109.65,109.6,3,0,-65536,33]}},"1":{"x":4,"y":121,"name":"rayCore","type":"nbMovie","r":0,"sx":1,"sy":1,"a":1,"skewX":0,"skewY":0,"0":{"index":1,"0":{"type":"bitmap","libName":"正视角0度射线芯.png","x":-35,"y":-151,"r":0,"sx":1,"sy":1,"skewX":0,"skewY":0}},"1":{"index":1,"0":{"type":"bitmap","libName":"正视角45度射线芯.png","x":-35,"y":-151,"r":0,"sx":1,"sy":1,"skewX":0,"skewY":0}},"2":{"index":1,"0":{"type":"bitmap","libName":"正视角-45度射线芯 .png","x":-35,"y":-151,"r":0,"sx":1,"sy":1,"skewX":0,"skewY":0}}},"2":{"x":142,"y":360,"name":"xnB","type":"sprite","r":0,"sx":1,"sy":1,"a":1,"skewX":0,"skewY":0,"0":{"type":"bitmap","libName":"旋钮指示.png","x":-10,"y":-10,"r":0,"sx":1,"sy":1,"skewX":0,"skewY":0},"1":{"type":"bitmap","libName":"Bitmap 1","x":-25,"y":-30,"r":0,"sx":1.16278076171875,"sy":1.16278076171875,"skewX":0,"skewY":0}},"3":{"x":-163.95,"y":360,"name":"xnE","type":"sprite","r":0,"sx":1,"sy":1,"a":1,"skewX":0,"skewY":0,"0":{"type":"bitmap","libName":"旋钮指示.png","x":-10,"y":-10,"r":0,"sx":1,"sy":1,"skewX":0,"skewY":0},"1":{"type":"bitmap","libName":"Bitmap 1","x":-25,"y":-30,"r":0,"sx":1.16278076171875,"sy":1.16278076171875,"skewX":0,"skewY":0}},"4":{"x":-260.95,"y":360,"name":"xnRot","type":"sprite","r":0,"sx":1,"sy":1,"a":1,"skewX":0,"skewY":0,"0":{"type":"bitmap","libName":"旋钮指示.png","x":-10,"y":-10,"r":0,"sx":1,"sy":1,"skewX":0,"skewY":0},"1":{"type":"bitmap","libName":"Bitmap 1","x":-25,"y":-30,"r":0,"sx":1.16278076171875,"sy":1.16278076171875,"skewX":0,"skewY":0}},"5":{"x":-147.45,"y":406,"name":"btnE","type":"nbMovie",