{"type":"sprite","x":0,"y":0,"name":"compnent","0":{"x":101.25,"y":30.7,"name":"alphaSP2","type":"sprite","r":0,"sx":0.2499847412109375,"sy":0.2499847412109375,"a":1,"skewX":0,"skewY":0,"0":{"type":"bitmap","libName":"Bitmap 14","x":-80,"y":-80,"r":0,"sx":1.454559326171875,"sy":1.454559326171875,"skewX":0,"skewY":0}},"1":{"x":-1,"y":-23.5,"name":"alphaSP1","type":"sprite","r":0,"sx":0.1875,"sy":0.1875,"a":1,"skewX":0,"skewY":0,"0":{"type":"bitmap","libName":"Bitmap 14","x":-80,"y":-80,"r":0,"sx":1.454559326171875,"sy":1.454559326171875,"skewX":0,"skewY":0}},"2":{"x":-0.55,"y":111.45,"name":"alphaSP","type":"sprite","r":0,"sx":1,"sy":1,"a":1,"skewX":0,"skewY":0,"0":{"type":"bitmap","libName":"Bitmap 14","x":-80,"y":-80,"r":0,"sx":1.454559326171875,"sy":1.454559326171875,"skewX":0,"skewY":0}},"3":{"x":-1,"y":110.8,"name":"ros","type":"sprite","r":-0.000015180018213451657,"sx":0.9999542236328125,"sy":0.9999542236328125,"a":1,"skewX":-0.000015180018213451657,"skewY":-0.000015180018213451657,"0":{"type":"bitmap","libName":"旋钮大.png","x":-55,"y":-55,"r":0,"sx":1,"sy":1,"skewX":0,"skewY":0}},"4":{"x":-21.95,"y":-272.95,"name":"proSet","type":"sprite","r":0,"sx":1,"sy":1,"a":1,"skewX":0,"skewY":0,"0":{"type":"shape","path":[255,0,0,2,0,50,2,50,50,2,50,0,2,0,0,2,0,0,1,1,3342591,33]}},"5":{"x":93.65,"y":186,"name":"bp1","type":"sprite","r":0,"sx":1,"sy":1,"a":1,"skewX":0,"skewY":0,"0":{"type":"shape","path":[255,0,20,2,20,20,2,20,0,2,0,0,2,0,20,2,0,20,1,1,15255186,33]}},"6":{"x":-116.95,"y":188,"name":"bp0","type":"sprite","r":0,"sx":1,"sy":1,"a":1,"skewX":0,"skewY":0,"0":{"type":"shape","path":[255,0,20,2,20,20,2,20,0,2,0,0,2,0,20,2,0,20,1,1,15255186,33]}},"7":{"x":-2.4,"y":-46.7,"name":"pointerMask","type":"sprite","r":0,"sx":1,"sy":1,"a":1,"skewX":0,"skewY":0,"0":{"type":"shape","path":[255,-124.25,128.75,2,-10.75,128.75,0.5,128.75,0.5,117.5,3,0.5,117.5,2,0.5,-113,0.5,-124.25,-10.75,-124.25,3,-10.75,-124.25,2,-124.25,-124.25,-135.5,-124.25,-135.5,-113,3,-135.5,-113,2,-135.5,117.5,-135.5,128.75,-124.25,128.75,3,0.4980392156862745,-65536,33]}},"8":{"x":-2.2,"y":-3.45,"name":"pointer","type":"sprite","r":0.855226513495435,"sx":0.9998626708984375,"sy":0.9998626708984375,"a":1,"skewX":0.855226513495435,"skewY":0.855226513495435,"0":{"type":"bitmap","libName":"指针.png","x":-3,"y":-164,"r":0,"sx":1,"sy":1,"skewX":0,"skewY":0}},"9":{"x":-1.1,"y":-23.1,"name":"ros1","type":"sprite","r":0,"sx":0.9999237060546875,"sy":0.9999237060546875,"a":1,"skewX":0,"skewY":0,"0":{"type":"bitmap","libName":"调零旋钮1.png","x":-10,"y":-10,"r":0,"sx":0.9999847412109375,"sy":1,"skewX":0,"skewY":0}},"10":{"x":102.25,"y":34.8,"name":"ros2","type":"sprite","r":0.000015180018213451657,"sx":0.9998016357421875,"sy":0.9998016357421875,"a":1,"skewX":0.000015180018213451657,"skewY":0.000015180018213451657,"0":{"type":"bitmap","libName":"调零旋钮2.png","x":-10,"y":-12,"r":0,"sx":0.999969482421875,"sy":0.999969482421875,"skewX":0,"skewY":0}},"11":{"type":"bitmap","libName":"量程.png","x":-121.65,"y":-174.55,"r":0,"sx":1,"sy":1,"skewX":0,"skewY":0},"12":{"x":-152,"y":-214.5,"name":"bg","type":"sprite","r":0,"sx":1,"sy":1,"a":1,"skewX":0,"skewY":0,"0":{"type":"bitmap","libName":"指针万用表.png","x":0,"y":0,"r":0,"sx":1,"sy":1,"skewX":0,"skewY":0}}}