{"type":"sprite","x":0,"y":0,"name":"compnent","0":{"x":50,"y":-98.55,"name":"bp1","type":"sprite","r":0,"sx":1,"sy":1,"a":1,"skewX":0,"skewY":0,"0":{"type":"shape","path":[255,0,20,2,20,20,2,20,0,2,0,0,2,0,20,2,0,20,1,0.6980392156862745,-1522030,33]}},"1":{"x":-68,"y":-98.55,"name":"bp0","type":"sprite","r":0,"sx":1,"sy":1,"a":1,"skewX":0,"skewY":0,"0":{"type":"shape","path":[255,0,20,2,20,20,2,20,0,2,0,0,2,0,20,2,0,20,1,0.6980392156862745,-1522030,33]}},"2":{"x":-26,"y":74.5,"name":"lr1","type":"sprite","r":0,"sx":2.500457763671875,"sy":1.5250091552734375,"a":1,"skewX":0,"skewY":0,"0":{"type":"shape","path":[255,0,20,2,20,20,2,20,0,2,0,0,2,0,20,2,0,20,1,0.6980392156862745,-1522030,33]}},"3":{"x":-26,"y":-81.55,"name":"lr0","type":"sprite","r":0,"sx":2.500274658203125,"sy":1.525177001953125,"a":1,"skewX":0,"skewY":0,"0":{"type":"shape","path":[255,0,20,2,20,20,2,20,0,2,0,0,2,0,20,2,0,20,1,0.6980392156862745,-1522030,33]}},"4":{"x":0,"y":0,"name":"bg","type":"nbMovie","r":0,"sx":1,"sy":1,"a":1,"skewX":0,"skewY":0,"0":{"index":2,"0":{"x":-0.5,"y":-102,"name":"ironCore","type":"sprite","r":0,"sx":1,"sy":1,"a":1,"skewX":0,"skewY":0,"0":{"type":"bitmap","libName":"小线圈铁芯.png","x":-32.5,"y":-12,"r":0,"sx":1,"sy":1,"skewX":0,"skewY":0}},"1":{"type":"bitmap","libName":"小线圈.png","x":-57,"y":-118,"r":0,"sx":1,"sy":1,"skewX":0,"skewY":0}},"1":{"index":1,"0":{"type":"bitmap","libName":"小线圈2.png","x":-57,"y":-118,"r":0,"sx":1,"sy":1,"skewX":0,"skewY":0}}}}