{"type":"sprite","x":0,"y":0,"name":"compnent","0":{"x":0,"y":0,"name":"bg","type":"sprite","r":-0.43907430365692796,"sx":0.9999847412109375,"sy":0.9999847412109375,"a":1,"skewX":-0.43907430365692796,"skewY":-0.43907430365692796,"0":{"type":"bitmap","libName":"铁钉.png","x":-46.5,"y":-28.5,"r":0,"sx":1,"sy":1,"skewX":0,"skewY":0}}}