{"type":"sprite","x":0,"y":0,"name":"compnent","0":{"x":37.2,"y":-107.1,"name":"lr1","type":"sprite","r":0,"sx":2.18896484375,"sy":2.11651611328125,"a":1,"skewX":0,"skewY":0,"0":{"type":"shape","path":[255,0,20,2,20,20,2,20,0,2,0,0,2,0,20,2,0,20,1,0.6980392156862745,-1522030,33]}},"1":{"x":-81,"y":-107.5,"name":"lr0","type":"sprite","r":0,"sx":2.18896484375,"sy":2.1372528076171875,"a":1,"skewX":0,"skewY":0,"0":{"type":"shape","path":[255,0,20,2,20,20,2,20,0,2,0,0,2,0,20,2,0,20,1,0.6980392156862745,-1522030,33]}},"2":{"x":0,"y":0,"name":"bg","type":"sprite","r":0,"sx":1,"sy":1,"a":1,"skewX":0,"skewY":0,"0":{"type":"bitmap","libName":"U形磁铁改.png","x":-81,"y":-107.5,"r":0,"sx":1,"sy":1,"skewX":0,"skewY":0}}}