{"type":"sprite","x":0,"y":0,"name":"compnent","0":{"x":-15,"y":149.5,"name":"elecAre","type":"sprite","r":0,"sx":1.50018310546875,"sy":1.5007171630859375,"a":1,"skewX":0,"skewY":0,"0":{"type":"shape","path":[255,0.75,0.2,2,0.75,21.2,2,20.5,21.2,2,20.5,0.2,2,0.75,0.2,2,0.75,0.2,1,0.6980392156862745,-1522030,33]}},"1":{"x":0,"y":0,"name":"bg","type":"sprite","r":0,"sx":1,"sy":1,"a":1,"skewX":0,"skewY":0,"0":{"type":"bitmap","libName":"小球.png","x":-18,"y":0,"r":0,"sx":1,"sy":1,"skewX":0,"skewY":0}}}