{"type":"sprite","x":0,"y":0,"name":"compnent","0":{"x":36.75,"y":-180.55,"name":"ballP2","type":"sprite","r":0,"sx":1.50018310546875,"sy":1.5007171630859375,"a":1,"skewX":0,"skewY":0,"0":{"type":"shape","path":[255,-10,10,2,10,10,2,10,-10,2,-10,-10,2,-10,10,2,-10,10,1,0.6980392156862745,-1522030,33]}},"1":{"x":-34.1,"y":-180.55,"name":"ballP1","type":"sprite","r":0,"sx":1.50018310546875,"sy":1.5007171630859375,"a":1,"skewX":0,"skewY":0,"0":{"type":"shape","path":[255,-10,10,2,10,10,2,10,-10,2,-10,-10,2,-10,10,2,-10,10,1,0.6980392156862745,-1522030,33]}},"2":{"x":107.95,"y":-180.55,"name":"ballP3","type":"sprite","r":0,"sx":1.50018310546875,"sy":1.5007171630859375,"a":1,"skewX":0,"skewY":0,"0":{"type":"shape","path":[255,-10,10,2,10,10,2,10,-10,2,-10,-10,2,-10,10,2,-10,10,1,0.6980392156862745,-1522030,33]}},"3":{"x":0,"y":0,"name":"bg","type":"sprite","r":0,"sx":1,"sy":1,"a":1,"skewX":0,"skewY":0,"0":{"type":"bitmap","libName":"铁架台.png","x":-175.5,"y":-249,"r":0,"sx":1,"sy":1,"skewX":0,"skewY":0}}}