{"type":"sprite","x":0,"y":0,"name":"compnent","0":{"x":-10,"y":109,"name":"flabelP","type":"sprite","r":0,"sx":1,"sy":1,"a":1,"skewX":0,"skewY":0,"0":{"type":"shape","path":[255,0,0,2,0,20,2,20,20,2,20,0,2,0,0,2,0,0,1,1,16711680,33]}},"1":{"x":89.5,"y":3.9,"name":"alphaSP","type":"sprite","r":0,"sx":1,"sy":1,"a":1,"skewX":0,"skewY":0,"0":{"type":"bitmap","libName":"Bitmap 1","x":-80,"y":-80,"r":0,"sx":1,"sy":1,"skewX":0,"skewY":0}},"2":{"x":-119.95,"y":12.1,"name":"bp2","type":"sprite","r":0,"sx":1,"sy":1,"a":1,"skewX":0,"skewY":0,"0":{"type":"shape","path":[255,0,20,2,20,20,2,20,0,2,0,0,2,0,20,2,0,20,1,1,15255186,33]}},"3":{"x":-40.85,"y":-49.95,"name":"bp1","type":"sprite","r":0,"sx":1,"sy":1,"a":1,"skewX":0,"skewY":0,"0":{"type":"shape","path":[255,0,20,2,20,20,2,20,0,2,0,0,2,0,20,2,0,20,1,1,15255186,33]}},"4":{"x":89.3,"y":4.05,"name":"ros","type":"sprite","r":0,"sx":1,"sy":1,"a":1,"skewX":0,"skewY":0,"0":{"type":"bitmap","libName":"runner.png","x":-54,"y":-54,"r":-0.000015180018213451657,"sx":0.9999847412109375,"sy":1,"skewX":0,"skewY":-0.000015180018213451657}},"5":{"x":-182,"y":48.5,"name":"toggleMC","type":"nbMovie","r":0,"sx":1.249755859375,"sy":1.249755859375,"a":1,"skewX":0,"skewY":0,"0":{"index":2,"0":{"type":"bitmap","libName":"switch_on.png","x":0,"y":0,"r":0,"sx":1,"sy":1,"skewX":0,"skewY":0},"1":{"type":"shape","path":[255,0,0,2,0,74.3,2,51.65,74.3,2,51.65,0,2,0,0,2,0,0,1,0.00392156862745098,0,33]}},"1":{"index":2,"0":{"type":"bitmap","libName":"switch_off.png","x":0,"y":0,"r":0,"sx":1,"sy":1,"skewX":0,"skewY":0},"1":{"type":"shape","path":[255,0,0,2,0,74.3,2,51.65,74.3,2,51.65,0,2,0,0,2,0,0,1,0.00392156862745098,0,33]}}},"6":{"x":-40.85,"y":12.1,"name":"bp3","type":"sprite","r":0,"sx":1,"sy":1,"a":1,"skewX":0,"skewY":0,"0":{"type":"shape","path":[255,0,20,2,20,20,2,20,0,2,0,0,2,0,20,2,0,20,1,1,15255186,33]}},"7":{"x":-119.95,"y":-49.95,"name":"bp0","type":"sprite","r":0,"sx":1,"sy":1,"a":1,"skewX":0,"skewY":0,"0":{"type":"shape","path":[255,0,20,2,20,20,2,20,0,2,0,0,2,0,20,2,0,20,1,1,15255186,33]}},"8":{"x":-231,"y":-114.95,"name":"bg","type":"sprite","r":0,"sx":1,"sy":1,"a":1,"skewX":0,"skewY":0,"0":{"type":"bitmap","libName":"bg.png 副本","x":0,"y":0,"r":0,"sx":1,"sy":1,"skewX":0,"skewY":0}},"9":{"x":-20.85,"y":-171.3,"name":"proSet","type":"sprite","r":0,"sx":1,"sy":1,"a":1,"skewX":0,"skewY":0,"0":{"type":"shape","path":[255,0,0,2,0,50,2,50,50,2,50,0,2,0,0,2,0,0,1,1,3342591,33]}}}