{"type":"sprite","x":0,"y":0,"name":"compnent","0":{"x":-48.55,"y":14.9,"name":"bp2","type":"sprite","r":0,"sx":1,"sy":1,"a":1,"skewX":0,"skewY":0,"0":{"type":"shape","path":[255,-10,10,2,10,10,2,10,-10,2,-10,-10,2,-10,10,2,-10,10,1,1,15255186,33]}},"1":{"x":-6.3,"y":66.3,"name":"flabelP","type":"sprite","r":0,"sx":1,"sy":1,"a":1,"skewX":0,"skewY":0,"0":{"type":"shape","path":[255,0,0,2,0,20,2,20,20,2,20,0,2,0,0,2,0,0,1,1,16711680,33]}},"2":{"x":162.1,"y":14.9,"name":"bp1","type":"sprite","r":0,"sx":1,"sy":1,"a":1,"skewX":0,"skewY":0,"0":{"type":"shape","path":[255,-10,10,2,10,10,2,10,-10,2,-10,-10,2,-10,10,2,-10,10,1,1,15255186,33]}},"3":{"x":-168.5,"y":14.9,"name":"bp0","type":"sprite","r":0,"sx":1,"sy":1,"a":1,"skewX":0,"skewY":0,"0":{"type":"shape","path":[255,-10,10,2,10,10,2,10,-10,2,-10,-10,2,-10,10,2,-10,10,1,1,15255186,33]}},"4":{"x":-184,"y":-42,"name":"bg","type":"sprite","r":0,"sx":1,"sy":1,"a":1,"skewX":0,"skewY":0,"0":{"type":"bitmap","libName":"switch2.png","x":0,"y":0,"r":0,"sx":1,"sy":1,"skewX":0,"skewY":0}},"5":{"x":3.25,"y":-24.35,"name":"dao","type":"sprite","r":0,"sx":1,"sy":1,"a":1,"skewX":0,"skewY":0,"0":{"x":172,"y":-0.6,"name":"drag","type":"sprite","r":0,"sx":1,"sy":1,"a":1,"skewX":0,"skewY":0,"0":{"type":"shape","path":[255,-20,40,2,20,40,2,20,-40,2,-20,-40,2,-20,40,2,-20,40,1,0.8,-65536,33]}},"1":{"x":169.8,"y":0.9,"name":"xin","type":"sprite","r":0,"sx":0.19000244140625,"sy":0.19500732421875,"a":1,"skewX":0,"skewY":0,"0":{"type":"shape","path":[255,-10,10,2,10,10,2,10,-10,2,-10,-10,2,-10,10,2,-10,10,1,1,15255186,33]}},"2":{"type":"bitmap","libName":"Ploe.png","x":-23.55,"y":-14.6,"r":0,"sx":1,"sy":1,"skewX":0,"skewY":0}}}