{"phyData":{"properties":{"data":{"version":5,"showElecLine":true,"SHOWEQUVALUE":true,"SHOWTIPPAO":true,"SHOW_FLAG_LABEL":true,"VOLUME":1,"OPEN_ANGLE":false,"SHOW_REFLECT":false,"SHOW_DIRECTION":false,"SHOW_ZULI":false,"SHOW_DIAN_CHANG":false,"SHOW_CIGAN":false,"SHOW_DENG_SHI":false,"play":true,"ZULI_NUM":9.8,"backgroundColorImg":{"colors":{"direction":0,"arr":["#343941"],"style":{"background":"#343941"}},"textureSelected":0},"dataArr":[{"uid":1499389714774,"classname":"Balance","cateid":"5","positionX":0,"positionY":0,"elecLable":"天平","rotation":0,"loadLevel":5,"notexture":"0","ismecJoint":false,"isMechanics":true,"thisX":760.7407407407401,"thisY":9036.268559164842,"fromEquTools":true,"material":{"density":2.7,"elasticity":0.3,"dynamicFriction":0.5,"staticFriction":0.6,"rollingFriction":0.001},"transform":{"a":1,"b":0,"c":0,"d":1,"tx":0,"ty":0},"currentScale":{"x":1,"y":1},"posx":1081.8616593936376,"posy":9436.057435230976,"onekeyph":false,"youbiaoX":-0.2160493827160508,"rulerBodyRot":0.016612640170867467,"lc":"100g"},{"uid":1502158580047,"classname":"WeightBox","cateid":"5","positionX":0,"positionY":0,"elecLable":"砝码箱","rotation":0,"loadLevel":5,"notexture":"0","ismecJoint":false,"isMechanics":true,"thisX":987.6082993614738,"thisY":9032.942025361202,"fromEquTools":true,"material":{"density":2.7,"elasticity":0.3,"dynamicFriction":0.5,"staticFriction":0.6,"rollingFriction":0.001},"transform":{"a":1,"b":0,"c":0,"d":1,"tx":0,"ty":0},"currentScale":{"x":1,"y":1},"posx":1763.6317220242438,"posy":8923.51437853446,"p5":{"x":1957.4802082576434,"y":8902.632104850585},"p10":{"x":1922.430044249411,"y":8895.616180349774},"p20_1":{"x":1837.8293780886263,"y":8890.644208212581},"p20_2":{"x":1881.8792026446993,"y":8890.529156892022},"p50":{"x":1790.2800704190452,"y":8884.634361287519},"p100_1":{"x":1670.6593083426847,"y":8877.5237524068},"p100_2":{"x":1732.229366450561,"y":8877.530830400727},"p200":{"x":1598.106384721887,"y":8861.53395597767}},{"uid":1499389667228,"classname":"Graduate","cateid":"5","positionX":0,"positionY":0,"elecLable":"量筒","rotation":0,"loadLevel":5,"notexture":"0","ismecJoint":false,"isMechanics":true,"thisX":-389.8792818610036,"thisY":9632.151529174833,"fromEquTools":true,"material":{"density":2.4,"elasticity":0,"dynamicFriction":0.5,"staticFriction":0.6,"rollingFriction":0.001},"transform":{"a":1,"b":0,"c":0,"d":1,"tx":0,"ty":0},"currentScale":{"x":1,"y":1},"posx":-389.8792818610036,"posy":9632.151529174833,"density":1,"alpha":0.3,"ml":0},{"uid":1499389725673,"classname":"WaterBeaker","cateid":"5","positionX":0,"positionY":0,"elecLable":"装水的烧杯","rotation":0,"loadLevel":5,"notexture":"0","ismecJoint":false,"isMechanics":true,"thisX":6.641555981726201,"thisY":9788.009151052709,"fromEquTools":true,"material":{"density":2.4,"elasticity":0,"dynamicFriction":0.5,"staticFriction":0.6,"rollingFriction":0.001},"transform":{"a":1,"b":0,"c":0,"d":1,"tx":0,"ty":0},"currentScale":{"x":1,"y":1},"posx":6.641555981726201,"posy":9788.009151052709,"density":1.2,"alpha":0.3,"ml":80}],"view":{"x":601.6959353096395,"y":-5669.189033012285,"scaleX":0.7126348220700419,"scaleY":0.7126348220700419},"confVer":"1.0.0","forceAndMotionData":"{\"worldData\":{\"caseGrave\":{\"name\":\"考虑重力\",\"typeName\":\"BoolItemDate\",\"checked\":false,\"id\":0,\"canSwap\":false},\"g\":{\"name\":\"重力加速度g\",\"typeName\":\"DragItemData\",\"minValue\":0,\"maxValue\":10000,\"step\":0.1,\"showValue\":10,\"canEnter\":true,\"enterUnit\":\"m/s²\",\"precision\":1,\"canBeAny\":true,\"ifShowBar\":false},\"caseJing\":{\"name\":\"考虑物体间电荷力\",\"typeName\":\"BoolItemDate\",\"checked\":false,\"id\":0,\"canSwap\":false},\"k\":{\"name\":\"静电力恒量k\",\"typeName\":\"DragItemData\",\"minValue\":0,\"maxValue\":1e+44,\"step\":1,\"showValue\":9000000000,\"canEnter\":true,\"enterUnit\":\"N·m²/C²\",\"precision\":1,\"canBeAny\":true,\"ifShowBar\":false},\"caseWan\":{\"name\":\"考虑物体间万有引力\",\"typeName\":\"BoolItemDate\",\"checked\":false,\"id\":0,\"canSwap\":false},\"G\":{\"name\":\"万有引力恒量G\",\"typeName\":\"DragItemData\",\"minValue\":0,\"maxValue\":1e+40,\"step\":0.1,\"showValue\":6.67e-11,\"canEnter\":true,\"enterUnit\":\"N·m²/kg²\",\"precision\":1,\"canBeAny\":true,\"ifShowBar\":false},\"caseCollision\":{\"name\":\"考虑运动物体间碰撞\",\"typeName\":\"BoolItemDate\",\"checked\":false,\"id\":0,\"canSwap\":false},\"clearButton\":{\"name\":\"还原默认值\",\"typeName\":\"ChangeShowButton\",\"text\":\"\",\"index\":0,\"icon\":null,\"hasArrow\":true,\"asIcon\":false,\"height\":\"none\",\"preventEvent\":false},\"foldBool\":{\"name\":\"基础功能设置\",\"typeName\":\"FoldButtonData\",\"folded\":false},\"foldValues\":{\"name\":\"常量设置\",\"typeName\":\"FoldButtonData\",\"folded\":true},\"showName\":{\"name\":\"显示名称\",\"typeName\":\"CheckBoxItem\",\"checked\":false,\"id\":0,\"canSwap\":true},\"showValue\":{\"name\":\"显示数值\",\"typeName\":\"CheckBoxItem\",\"checked\":false,\"id\":0,\"canSwap\":true},\"showDiscom\":{\"name\":\"显示分解\",\"typeName\":\"CheckBoxItem\",\"checked\":false,\"id\":0,\"canSwap\":true},\"showAngle\":{\"name\":\"显示角度\",\"typeName\":\"CheckBoxItem\",\"checked\":false,\"id\":0,\"canSwap\":true},\"adjustArrow\":{\"name\":\"调整箭头适应屏幕\",\"typeName\":\"ButtonDate\",\"text\":\"\",\"index\":0,\"icon\":null,\"hasArrow\":true,\"asIcon\":false,\"height\":\"none\",\"preventEvent\":false},\"tagsItemData\":{\"tags\":[\"力\",\"速度\",\"加速度\"],\"typeName\":\"TagsItemData\",\"selected\":-1},\"ifShowForce\":{\"name\":\"力\",\"typeName\":\"BoolItemDate\",\"checked\":false,\"id\":0,\"canSwap\":false},\"forceScale\":{\"name\":\"力箭头尺寸缩放\",\"typeName\":\"DragItemData\",\"minValue\":1e-10,\"maxValue\":10000000000,\"step\":0.01,\"showValue\":10,\"canEnter\":true,\"enterUnit\":\"m/N\",\"precision\":2,\"canBeAny\":true,\"ifShowBar\":false},\"showForceT\":{\"name\":\"弹力\",\"typeName\":\"BoolItemDate\",\"checked\":false,\"id\":0,\"canSwap\":false},\"showForceH\":{\"name\":\"合力(ΣF)\",\"typeName\":\"CheckBoxItem\",\"checked\":false,\"id\":0,\"canSwap\":true},\"showForceZ\":{\"name\":\"重力(G)\",\"typeName\":\"BoolItemDate\",\"checked\":false,\"id\":0,\"canSwap\":false},\"showForceD\":{\"name\":\"电场力(F)\",\"typeName\":\"CheckBoxItem\",\"checked\":false,\"id\":0,\"canSwap\":true},\"showForceL\":{\"name\":\"洛伦兹力(F)\",\"typeName\":\"CheckBoxItem\",\"checked\":false,\"id\":0,\"canSwap\":false},\"showForceM\":{\"name\":\"摩擦力(F)\",\"typeName\":\"BoolItemDate\",\"checked\":false,\"id\":0,\"canSwap\":false},\"showForceN\":{\"name\":\"阻尼力(F)\",\"typeName\":\"CheckBoxItem\",\"checked\":false,\"id\":0,\"canSwap\":true},\"showForceG\":{\"name\":\"万有引力(F)\",\"typeName\":\"CheckBoxItem\",\"checked\":false,\"id\":0,\"canSwap\":false},\"showForceK\":{\"name\":\"电荷力(F)\",\"typeName\":\"CheckBoxItem\",\"checked\":false,\"id\":0,\"canSwap\":true},\"ifShowVol\":{\"name\":\"速度\",\"typeName\":\"BoolItemDate\",\"checked\":false,\"id\":0,\"canSwap\":false},\"volScale\":{\"name\":\"速度箭头尺寸缩放\",\"typeName\":\"DragItemData\",\"minValue\":1e-10,\"maxValue\":10000000000,\"step\":0.01,\"showValue\":10,\"canEnter\":true,\"enterUnit\":\"s\",\"precision\":2,\"canBeAny\":true,\"ifShowBar\":false},\"ifShowAVol\":{\"name\":\"加速度\",\"typeName\":\"BoolItemDate\",\"checked\":false,\"id\":0,\"canSwap\":false},\"avolScale\":{\"name\":\"加速度箭头尺寸缩放\",\"typeName\":\"DragItemData\",\"minValue\":1e-10,\"maxValue\":10000000000,\"step\":0.01,\"showValue\":10,\"canEnter\":true,\"enterUnit\":\"s²\",\"precision\":2,\"canBeAny\":true,\"ifShowBar\":false}},\"coorData\":{\"showCoor\":{\"name\":\"显示坐标系\",\"typeName\":\"BoolItemDate\",\"checked\":true,\"id\":0,\"canSwap\":false},\"showGrid\":{\"name\":\"显示网格线\",\"typeName\":\"BoolItemDate\",\"checked\":true,\"id\":0,\"canSwap\":false},\"showThin\":{\"name\":\"显示细网格线\",\"typeName\":\"BoolItemDate\",\"checked\":false,\"id\":0,\"canSwap\":false},\"showSolid\":{\"name\":\"加粗线条\",\"typeName\":\"BoolItemDate\",\"checked\":false,\"id\":0,\"canSwap\":false},\"gridScale\":{\"name\":\"每格代表长度\",\"typeName\":\"DragItemData\",\"minValue\":1,\"maxValue\":1000,\"step\":1,\"showValue\":10,