{"type":"sprite","x":0,"y":0,"name":"compnent","0":{"x":0.5,"y":-606.95,"name":"plugAlp","type":"sprite","r":0,"sx":1,"sy":1,"a":0,"skewX":0,"skewY":0,"0":{"type":"bitmap","libName":"plug.png","x":-39.5,"y":-35,"r":0,"sx":1,"sy":1,"skewX":0,"skewY":0}},"1":{"x":0,"y":0,"name":"tube","type":"sprite","r":0,"sx":1,"sy":1,"a":1,"skewX":0,"skewY":0,"0":{"x":0,"y":1.4,"name":"liquidMaskMc","type":"sprite","r":0,"sx":1,"sy":1,"a":1,"skewX":0,"skewY":0,"0":{"type":"shape","path":[255,588.85,-35,2,-610.5,-35,2,-610.5,35,2,588.25,34.75,599.9,28.85,603.45,23.6,3,603.45,23.6,2,609.5,13,611.95,0.75,608.75,-13.6,3,608.75,-13.6,603.6,-25.25,588.85,-35,3,0.4980392156862745,-65536,33]}},"1":{"x":37.7,"y":-609.25,"name":"hitP02","type":"sprite","r":0,"sx":0.500244140625,"sy":0.4997406005859375,"a":1,"skewX":0,"skewY":0,"0":{"type":"shape","path":[255,-0.05,49.95,20.7,49.95,35.3,35.25,3,35.3,35.25,50,20.65,50,-0.05,3,50,-0.05,50,-20.75,35.3,-35.45,3,35.3,-35.45,20.7,-50,-0.05,-50,3,-0.05,-50,-20.75,-50,-35.45,-35.45,3,-35.45,-35.45,-50.05,-20.75,-50.05,-0.05,3,-50.05,-0.05,-50.05,20.65,-35.45,35.25,3,-35.45,35.25,-20.75,49.95,-0.05,49.95,3,0.4980392156862745,-65536,33]}},"2":{"x":-38.3,"y":-609.25,"name":"hitP01","type":"sprite","r":0,"sx":0.500244140625,"sy":0.4997406005859375,"a":1,"skewX":0,"skewY":0,"0":{"type":"shape","path":[255,-0.05,49.95,20.7,49.95,35.3,35.25,3,35.3,35.25,50,20.65,50,-0.05,3,50,-0.05,50,-20.75,35.3,-35.45,3,35.3,-35.45,20.7,-50,-0.05,-50,3,-0.05,-50,-20.75,-50,-35.45,-35.45,3,-35.45,-35.45,-50.05,-20.75,-50.05,-0.05,3,-50.05,-0.05,-50.05,20.65,-35.45,35.25,3,-35.45,35.25,-20.75,49.95,-0.05,49.95,3,0.4980392156862745,-65536,33]}},"3":{"type":"bitmap","libName":"longTube.png","x":-43,"y":-616,"r":0,"sx":1,"sy":1,"skewX":0,"skewY":0},"4":{"x":-37.5,"y":-514,"name":"markLine","type":"sprite","r":0,"sx":1,"sy":1,"a":1,"skewX":0,"skewY":0,"0":{"type":"shape","path":[255,3.2,23,2,3.2,52,2,3.2,52,1,1,6710886,2,32]},"1":{"type":"shape","path":[255,0,0,6.95,37,0,74,3,0,74,6.95,37,0,0,3,1,5911096,2,32]}}},"2":{"x":0.5,"y":-606.95,"name":"plug","type":"sprite","r":0,"sx":1,"sy":1,"a":1,"skewX":0,"skewY":0,"0":{"type":"bitmap","libName":"plug.png","x":-39.5,"y":-35,"r":0,"sx":1,"sy":1,"skewX":0,"skewY":0}}}