{"type":"sprite","x":0,"y":0,"name":"","0":{"type":"shape","path":[255,91,-13,2,-145.5,-13,2,-145.5,13,2,91.425,13,95.7740234375,10.7564453125,136,6.5,3,136,6.5,178.90625,2.009765625,281.5,3.3,3,281.5,3.3,2,281.5,-3,178.9123046875,-1.708984375,136,-6.225,3,136,-6.225,92.9978515625,-10.750390625,91,-13,3,0.5294117647058824,0,33]},"1":{"x":0,"y":-245,"name":"jiao","type":"nbMovie","r":0,"sx":1,"sy":1,"a":1,"skewX":0,"skewY":0,"0":{"index":1,"0":{"type":"bitmap","libName":"胶头1.png","x":-35,"y":-81,"r":0,"sx":1,"sy":1,"skewX":0,"skewY":0}},"1":{"index":1,"0":{"type":"bitmap","libName":"胶头2.png","x":-35,"y":-81,"r":0,"sx":1,"sy":1,"skewX":0,"skewY":0}}},"2":{"x":0,"y":0,"name":"bg","type":"sprite","r":0,"sx":1,"sy":1,"a":1,"skewX":0,"skewY":0,"0":{"type":"bitmap","libName":"滴管.png","x":-16,"y":-172,"r":0,"sx":1,"sy":1,"skewX":0,"skewY":0}}}