{"type":"sprite","x":0,"y":0,"name":"","0":{"x":-45,"y":70,"name":"frontMc","type":"sprite","r":0,"sx":1,"sy":1,"a":1,"skewX":0,"skewY":0,"0":{"type":"bitmap","libName":"非剖面图.png","x":-346,"y":-546,"r":0,"sx":1,"sy":1,"skewX":0,"skewY":0}},"1":{"x":-87.25,"y":-260.7,"name":"flowMask","type":"sprite","r":0,"sx":1,"sy":1,"a":1,"skewX":0,"skewY":0,"0":{"type":"shape","path":[255,43.25,-11.75,2,82.45,0,87.3607421875,-12.75,101.5,-25.5,3,101.5,-25.5,127.186328125,-51.1142578125,164.5,-47.5,3,164.5,-47.5,2,209.8,-47.15,234.8630859375,-51.8123046875,248.5,-65.5,3,248.5,-65.5,280.280859375,-92.701953125,282.5,-140.45,3,282.5,-140.45,2,295.5,-284.95,367.7,-266.1498046875,455.5,-291.95,3,455.5,-291.95,2,447.5,-470.45,2,275,-456.45,2,240.5,-301.45,2,216,-172.95,211.45,-136.7,182,-135.45,3,182,-135.45,2,122.5,-134.45,22.8599609375,-123.533984375,0,-22.5,3,0,-22.5,3.75,-23.75,43.25,-11.75,3,0.4980392156862745,26112,33]}},"2":{"x":372,"y":-509,"name":"hideMc","type":"sprite","r":0,"sx":1,"sy":1,"a":1,"skewX":0,"skewY":0,"0":{"type":"bitmap","libName":"water3.png","x":-9,"y":-9,"r":0,"sx":0.486480712890625,"sy":0.486480712890625,"skewX":0,"skewY":0}},"3":{"x":-55,"y":204.5,"name":"baffle02","type":"sprite","r":0,"sx":1,"sy":1,"a":1,"skewX":0,"skewY":0,"0":{"type":"bitmap","libName":"入水口.png","x":0,"y":-22,"r":0,"sx":1,"sy":1,"skewX":0,"skewY":0}},"4":{"x":-37,"y":-1,"name":"baffle01","type":"sprite","r":0,"sx":1,"sy":1,"a":1,"skewX":0,"skewY":0,"0":{"type":"bitmap","libName":"入水口1.png","x":0,"y":-16,"r":0,"sx":1,"sy":1,"skewX":0,"skewY":0}},"5":{"x":0,"y":-119,"name":"piston","type":"sprite","r":0,"sx":1,"sy":1,"a":1,"skewX":0,"skewY":0,"0":{"type":"bitmap","libName":"活塞.png","x":-77,"y":-16,"r":0,"sx":1,"sy":1,"skewX":0,"skewY":0}},"6":{"x":-1,"y":-119.05,"name":"rod","type":"sprite","r":0,"sx":1,"sy":1,"a":1,"skewX":0,"skewY":0,"0":{"type":"bitmap","libName":"杆.png","x":-8,"y":-484,"r":0,"sx":1,"sy":1,"skewX":0,"skewY":0}},"7":{"x":-110.85,"y":-336.45,"name":"waterMask","type":"sprite","r":0,"sx":1,"sy":1,"a":1,"skewX":0,"skewY":0,"0":{"type":"shape","path":[255,-0.75,20.65,2,-0.25,201.1,2,15.75,200.35,44.5,225.4572265625,84.05,223.1,3,84.05,223.1,114.369921875,220.4900390625,157.3,200.05,3,157.3,200.05,172.85,193.5,189.5,188.1,3,189.5,188.1,2,538.4,187.85,2,539.15,151.4,2,764.4,151.9,2,764.4,125.15,2,917.8,125.15,2,917.8,97.15,2,764.4,97.15,2,764.4,70.4,2,538.65,70.4,2,538.65,32.4,2,188.5,33.9,116.85,7,64.55,-0.05,3,64.55,-0.05,39.15,4.45,15,20.65,3,15,20.65,2,21.4,-0.75,20.65,3,-0.75,20.65,2,-0.75,20.65,1,0.4980392156862745,-65536,33]}},"8":{"x":0.15,"y":476.65,"name":"water02","type":"sprite","r":0,"sx":3.385711669921875,"sy":11.666427612304688,"a":1,"skewX":0,"skewY":0,"0":{"type":"shape","path":[255,9.05,-39.45,2,-46,-39.5,2,-46,39.45,2,9.05,39.5,2,9.05,-39.45,2,9.05,-39.45,1,0.2,-1,33]}},"9":{"x":-43.5,"y":126,"name":"bg","type":"sprite","r":0,"sx":1,"sy":1,"a":1,"skewX":0,"skewY":0,"0":{"type":"bitmap","libName":"整体.png","x":-347.5,"y":-602,"r":0,"sx":1,"sy":1,"skewX":0,"skewY":0},"1":{"type":"bitmap","libName":"Bitmap 1","x":-261.5,"y":349,"r":0,"sx":1,"sy":1,"skewX":0,"skewY":0}},"10":{"x":210.65,"y":-443.7,"name":"lever","type":"sprite","r":0,"sx":1,"sy":1,"a":1,"skewX":0,"skewY":0,"0":{"x":-209.45,"y":-141.5,"name":"p","type":"sprite","r":0,"sx":1,"sy":1,"a":1,"skewX":0,"skewY":0,"0":{"type":"shape","path":[255,-7.05,7.1,-4.15,10,0,10,3,0,10,4.15,10,7.05,7.1,3,7.05,7.1,10,4.15,10,0,3,10,0,10,-4.15,7.05,-7.05,3,7.05,-7.05,4.15,-10,0,-10,3,0,-10,-4.15,-10,-7.05,-7.05,3,-7.05,-7.05,-10,-4.15,-10,0,3,-10,0,-10,4.15,-7.05,7.1,3,0.4980392156862745,0,33]}},"1":{"x":333.6,"y":366.15,"name":"handle","type":"sprite","r":0,"sx":1,"sy":1,"a":1,"skewX":0,"skewY":0,"0":{"type":"bitmap","libName":"Bitmap 1","x":0,"y":0,"r":0,"sx":0.3221588134765625,"sy":0.85821533203125,"skewX":0,"skewY":0}},"2":{"type":"bitmap","libName":"杠杆.png","x":-244.2,"y":-197.35,"r":0.01234375165251727,"sx":1.0000152587890625,"sy":1.0000152587890625,"skewX":0.01234375165251727,"skewY":0.01234375165251727}},"11":{"type":"bitmap","libName":"入水口1.png","x":-36,"y":-2,"r":0,"sx":1,"sy":1,"skewX":0,"skewY":0}}