{"type":"sprite","x":0,"y":0,"name":"compnent","0":{"x":-27.5,"y":-160,"name":"proSet","type":"sprite","r":0,"sx":1,"sy":1,"a":1,"skewX":0,"skewY":0,"0":{"type":"shape","path":[255,0,0,2,0,50,2,50,50,2,50,0,2,0,0,2,0,0,1,1,3342591,33]}},"1":{"x":96,"y":31.45,"name":"bp1","type":"sprite","r":0,"sx":1,"sy":1,"a":1,"skewX":0,"skewY":0,"0":{"type":"shape","path":[255,0,20,2,20,20,2,20,0,2,0,0,2,0,20,2,0,20,1,0.6980392156862745,-1522030,33]}},"2":{"x":-128,"y":31.45,"name":"bp0","type":"sprite","r":0,"sx":1,"sy":1,"a":1,"skewX":0,"skewY":0,"0":{"type":"shape","path":[255,0,20,2,20,20,2,20,0,2,0,0,2,0,20,2,0,20,1,0.6980392156862745,-1522030,33]}},"3":{"x":80.85,"y":-36.5,"name":"lr1","type":"sprite","r":0,"sx":3.0330657958984375,"sy":1.5250091552734375,"a":1,"skewX":0,"skewY":0,"0":{"type":"shape","path":[255,0,20,2,20,20,2,20,0,2,0,0,2,0,20,2,0,20,1,0.6980392156862745,-1522030,33]}},"4":{"x":-141.5,"y":-36.5,"name":"lr0","type":"sprite","r":0,"sx":3.782928466796875,"sy":1.525177001953125,"a":1,"skewX":0,"skewY":0,"0":{"type":"shape","path":[255,0,20,2,20,20,2,20,0,2,0,0,2,0,20,2,0,20,1,0.6980392156862745,-1522030,33]}},"5":{"x":0,"y":0,"name":"bg","type":"sprite","r":0,"sx":1,"sy":1,"a":1,"skewX":0,"skewY":0,"0":{"type":"bitmap","libName":"50匝铁钉.png","x":-141.5,"y":-35.5,"r":0,"sx":1,"sy":1,"skewX":0,"skewY":0}}}