{"type":"sprite","x":0,"y":0,"name":"","0":{"x":-10.5,"y":-351,"name":"principle","type":"sprite","r":0,"sx":1,"sy":1,"a":1,"skewX":0,"skewY":0,"0":{"x":68.5,"y":13,"name":"front","type":"nbMovie","r":0,"sx":1,"sy":1,"a":1,"skewX":0,"skewY":0,"0":{"index":1,"0":{"type":"bitmap","libName":"前.png","x":-122.5,"y":-80,"r":0,"sx":1,"sy":1,"skewX":0,"skewY":0}},"1":{"index":1,"0":{"type":"bitmap","libName":"前1.png","x":-122.5,"y":-80,"r":0,"sx":1,"sy":1,"skewX":0,"skewY":0}}},"1":{"type":"shape","path":[255,-48.8,176.1,-67.95,182.7,-67.95,192,3,-67.95,192,-67.95,201.3,-48.8,207.9,3,-48.8,207.9,-29.6,214.5,-2.45,214.5,3,-2.45,214.5,24.7,214.5,43.85,207.9,3,43.85,207.9,63.05,201.3,63.05,192,3,63.05,192,63.05,182.7,43.85,176.1,3,43.85,176.1,24.7,169.5,-2.45,169.5,3,-2.45,169.5,-29.6,169.5,-48.8,176.1,3,0,-1,33]},"2":{"x":0,"y":0,"name":"back","type":"nbMovie","r":0,"sx":1,"sy":1,"a":1,"skewX":0,"skewY":0,"0":{"index":1,"0":{"type":"bitmap","libName":"后.png","x":-219.5,"y":-88,"r":0,"sx":1,"sy":1,"skewX":0,"skewY":0}},"1":{"index":1,"0":{"type":"bitmap","libName":"后1.png","x":-219.5,"y":-88,"r":0,"sx":1,"sy":1,"skewX":0,"skewY":0}}}},"1":{"x":108,"y":-18.5,"name":"switch00","type":"nbMovie","r":0,"sx":1,"sy":1,"a":1,"skewX":0,"skewY":0,"0":{"index":1,"0":{"type":"bitmap","libName":"关.png","x":-9,"y":-16.5,"r":0,"sx":1,"sy":1,"skewX":0,"skewY":0}},"1":{"index":1,"0":{"type":"bitmap","libName":"开.png","x":-9,"y":-16.5,"r":0,"sx":1,"sy":1,"skewX":0,"skewY":0}}},"2":{"x":71.75,"y":98.9,"name":"rot09","type":"sprite","r":-0.000015180018213451657,"sx":0.9999542236328125,"sy":0.9999542236328125,"a":1,"skewX":-0.000015180018213451657,"skewY":-0.000015180018213451657,"0":{"type":"bitmap","libName":"旋钮指针.png","x":-11,"y":-11,"r":0,"sx":1,"sy":1,"skewX":0,"skewY":0},"1":{"x":0,"y":0,"name":"","type":"sprite","r":0,"sx":6,"sy":0.85650634765625,"a":1,"skewX":0,"skewY":0,"0":{"type":"bitmap","libName":"Bitmap 2","x":-5,"y":-35,"r":0,"sx":1,"sy":1,"skewX":0,"skewY":0}}},"3":{"x":-74.95,"y":99,"name":"rot08","type":"sprite","r":0.000015180018213451657,"sx":0.99993896484375,"sy":0.99993896484375,"a":1,"skewX":0.000015180018213451657,"skewY":0.000015180018213451657,"0":{"type":"bitmap","libName":"旋钮指针.png","x":-11,"y":-11,"r":0,"sx":1,"sy":1,"skewX":0,"skewY":0},"1":{"x":0,"y":0,"name":"","type":"sprite","r":0,"sx":6,"sy":0.85650634765625,"a":1,"skewX":0,"skewY":0,"0":{"type":"bitmap","libName":"Bitmap 2","x":-5,"y":-35,"r":0,"sx":1,"sy":1,"skewX":0,"skewY":0}}},"4":{"x":-2.05,"y":84,"name":"rot07","type":"sprite","r":0,"sx":1,"sy":1,"a":1,"skewX":0,"skewY":0,"0":{"type":"bitmap","libName":"旋钮指针.png","x":-11,"y":-11,"r":0,"sx":1,"sy":1,"skewX":0,"skewY":0},"1":{"x":0,"y":0,"name":"","type":"sprite","r":0,"sx":4.000030517578125,"sy":0.571014404296875,"a":1,"skewX":0,"skewY":0,"0":{"type":"bitmap","libName":"Bitmap 2","x":-5,"y":-35,"r":0,"sx":1,"sy":1,"skewX":0,"skewY":0}}},"5":{"x":91.95,"y":35,"name":"rot06","type":"sprite","r":0,"sx":1,"sy":1,"a":1,"skewX":0,"skewY":0,"0":{"type":"bitmap","libName":"旋钮指针.png","x":-11,"y":-11,"r":0,"sx":1,"sy":1,"skewX":0,"skewY":0},"1":{"x":0,"y":0,"name":"","type":"sprite","r":0,"sx":4.000030517578125,"sy":0.571014404296875,"a":1,"skewX":0,"skewY":0,"0":{"type":"bitmap","libName":"Bitmap 2","x":-5,"y":-35,"r":0,"sx":1,"sy":1,"skewX":0,"skewY":0}}},"6":{"x":-95,"y":35,"name":"rot03","type":"sprite","r":0,"sx":1,"sy":1,"a":1,"skewX":0,"skewY":0,"0":{"type":"bitmap","libName":"旋钮指针.png","x":-11,"y":-11,"r":0,"sx":1,"sy":1,"skewX":0,"skewY":0},"1":{"x":0,"y":0,"name":"","type":"sprite","r":0,"sx":4.000030517578125,"sy":0.571014404296875,"a":1,"skewX":0,"skewY":0,"0":{"type":"bitmap","libName":"Bitmap 2","x":-5,"y":-35,"r":0,"sx":1,"sy":1,"skewX":0,"skewY":0}}},"7":{"x":-33,"y":35,"name":"rot04","type":"sprite","r":0,"sx":1,"sy":1,"a":1,"skewX":0,"skewY":0,"0":{"type":"bitmap","libName":"旋钮指针.png","x":-11,"y":-11,"r":0,"sx":1,"sy":1,"skewX":0,"skewY":0},"1":{"x":0,"y":0,"name":"","type":"sprite","r":0,"sx":4.000030517578125,"sy":0.571014404296875,"a":1,"skewX":0,"skewY":0,"0":{"type":"bitmap","libName":"Bitmap 2","x":-5,"y":-35,"r":0,"sx":1,"sy":1,"skewX":0,"skewY":0}}},"8":{"x":92,"y":-73.5,"name":"rot02","type":"sprite","r":0,"sx":1,"sy":1,"a":1,"skewX":0,"skewY":0,"0":{"type":"bitmap","libName":"旋钮指针.png","x":-11,"y":-11,"r":0,"sx":1,"sy":1,"skewX":0,"skewY":0},"1":{"x":0,"y":0,"name":"","type":"sprite","r":0,"sx":4.000030517578125,"sy":0.571014404296875,"a":1,"skewX":0,"skewY":0,"0":{"type":"bitmap","libName":"Bitmap 2","x":-5,"y":-35,"r":0,"sx":1,"sy":1,"skewX":0,"skewY":0}}},"9":{"x":92,"y":-119.5,"name":"rot01","type":"sprite","r":0,"sx":1,"sy":1,"a":1,"skewX":0,"skewY":0,"0":{"type":"bitmap","libName":"旋钮指针.png","x":-11,"y":-11,"r":0,"sx":1,"sy":1,"skewX":0,"skewY":0},"1":{"x":0,"y":0,"name":"","type":"sprite","r":0,"sx":4.000030517578125,"sy":0.571014404296875,"a":1,"skewX":0,"skewY":0,"0":{"type":"bitmap","libName":"Bitmap 2","x":-5,"y":-35,"r":0,"sx":1,"sy":1,"skewX":0,"skewY":0}}},"10":{"x":91.95,"y":-166.9,"name":"rot00","type":"sprite","r":0,"sx":0.9999847412109375,"sy":0.9999847412109375,"a":1,"skewX":0,"skewY":0,"0":{"type":"bitmap","libName":"旋钮指针.png","x":-11,"y":-11,"r":0,"sx":1,"sy":1,"skewX":0,"skewY":0},"1":{"x":0,"y":0,"name":"","type":"sprite","r":0,"sx":4.000030517578125,"sy":0.571014404296875,"a":1,"skewX":0,"skewY":0,"0":{"type":"bitmap","libName":"Bitmap 2","x":-5,"y":-35,"r":0,"sx":1,"sy":1,"skewX":0,"skewY":0}}},"11":{"x":30,"y":35,"name":"rot05","type":"sprite","r":0,"sx":1,"sy":1,"a":1,"skewX":0,"skewY":0,"0":{"type":"bitmap","libName":"旋钮指针.png","x":-11,"y":-11,"r":0,"sx":1,"sy":1,"skewX":0,"skewY":0},"1":{"x":0,"y":0,"name":"","type":"sprite","r":0,"sx":4.000030517578125,"sy":0.571014404296875,"a":1,"skewX":0,"skewY":0,"0":{"type":"bitmap","libName":"Bitmap 2","x":-5,"y":-35,"r":0,"sx":1,"sy":1,"skewX":0,"skewY":0}}},"12":{"x":95,"y":170,"name":"switch02","type":"nbMovie","r":0,"sx":1,"sy":1,"a":1,"skewX":0,"skewY":0,"0":{"index":2,"0":{"type":"bitmap","libName":"拨动开关.png","x":-11,"y":-9,"r":0,"sx":1,"sy":1,"skewX":0,"skewY":0},"1":{"x":6.8,"y":0,"name":"","type":"sprite","r":0,"sx":3.6021728515625,"sy":0.3371429443359375,"a":1,"skewX":0,"skewY":0,"0":{"type":"bitmap","libName":"Bitmap 2","x":-5,"y":-35,"r":0,"sx":1,"sy":1,"skewX":0,"skewY":0}}},"1":{"index":2,"0":{"type":"bitmap","libName":"拨动开关.png","x":2,"y":-9,"r":0,"sx":1,"sy":1,"skewX":0,"skewY":0},"1":{"x":6.8,"y":0,"name":"","type":"sprite","r":0,"sx":3.6021728515625,"sy":0.3371429443359375,"a":1,"skewX":0,"skewY":0,"0":{"type":"bitmap","libName":"Bitmap 2","x":-5,"y":-35,"r":0,"sx":1,"sy":1,"skewX":0,"skewY":0}}}},"13":{"x":42.75,"y":160.8,"name":"bp2","type":"sprite","r":0,"sx":1,"sy":1,"a":1,"skewX":0,"skewY":0,"0":{"type":"bitmap","libName":"Bitmap 1","x":0,"y":0,"r":0,"sx":1,"sy":1,"skewX":0,"skewY":0}},"14":{"x":-6.25,"y":160.8,"name":"bp0","type":"sprite","r":0,"sx":1,"sy":1,"a":1,"skewX":0,"skewY":0,"0":{"type":"bitmap","libName":"Bitmap 1","x":0,"y":0,"r":0,"sx":1,"sy":1,"skewX":0,"skewY":0}},"15":{"x":-55.75,"y":160.8,"name":"bp1","type":"sprite","r":0,"sx":1,"sy":1,"a":1,"skewX":0,"skewY":0,"0":{"type":"bitmap","libName":"Bitmap 1","x":0,"y":0,"r":0,"sx":1,"sy":1,"skewX":0,"skewY":0}},"16":{"x":-108,"y":169,"name":"switch01","type":"nbMovie","r":0,"sx":1,"sy":1,"a":1,"skewX":0,"skewY":0,"0":{"index":2,"0":{"type":"bitmap","libName":"拨动开关.png","x":-11,"y":-9,"r":0,"sx":1,"sy":1,"skewX":0,"skewY":0},"1":{"x":6.8,"y":0,"name":"","type":"sprite","r":0,"sx":3.6021728515625,"sy":0.3371429443359375,"a":1,"skewX":0,"skewY":0,"0":{"type":"bitmap","libName":"Bitmap 2","x":-5,"y":-35,"r":0,"sx":1,"sy":1,"skewX":0,"skewY":0}}},"1":{"index":2,"0":{"type":"bitmap","libName":"拨动开关.png","x":2,"y":-9,"r":0,"sx":1,"sy":1,"skewX":0,"skewY":0},"1":{"x":6.8,"y":0,"name":"","type":"sprite","r":0,"sx":3.6021728515625,"sy":0.3371429443359375,"a":1,"skewX":0,"skewY":0,"0":{"type":"bitmap","libName":"Bitmap 2","x":-5,"y":-35,"r":0,"sx":1,"sy":1,"skewX":0,