{"type":"sprite","x":0,"y":0,"name":"compnent","0":{"x":0,"y":0,"name":"bg","type":"sprite","r":-0.43907430365692796,"sx":0.9999847412109375,"sy":0.9999847412109375,"a":1,"skewX":-0.43907430365692796,"skewY":-0.43907430365692796,"0":{"type":"bitmap","libName":"曲别针.png","x":-63.5,"y":-18.5,"r":0,"sx":1,"sy":1,"skewX":0,"skewY":0}}}