{"type":"sprite","x":0,"y":0,"name":"compnent","0":{"x":65,"y":92.45,"name":"bp1","type":"sprite","r":0,"sx":1,"sy":1,"a":1,"skewX":0,"skewY":0,"0":{"type":"shape","path":[255,0,20,2,20,20,2,20,0,2,0,0,2,0,20,2,0,20,1,0.6980392156862745,-1522030,33]}},"1":{"x":-82.85,"y":92.45,"name":"bp0","type":"sprite","r":0,"sx":1,"sy":1,"a":1,"skewX":0,"skewY":0,"0":{"type":"shape","path":[255,0,20,2,20,20,2,20,0,2,0,0,2,0,20,2,0,20,1,0.6980392156862745,-1522030,33]}},"2":{"x":-30.3,"y":70.5,"name":"lr1","type":"sprite","r":0,"sx":3.0330657958984375,"sy":1.5250091552734375,"a":1,"skewX":0,"skewY":0,"0":{"type":"shape","path":[255,0,20,2,20,20,2,20,0,2,0,0,2,0,20,2,0,20,1,0.6980392156862745,-1522030,33]}},"3":{"x":-35.5,"y":-102.5,"name":"lr0","type":"sprite","r":0,"sx":3.782928466796875,"sy":1.525177001953125,"a":1,"skewX":0,"skewY":0,"0":{"type":"shape","path":[255,0,20,2,20,20,2,20,0,2,0,0,2,0,20,2,0,20,1,0.6980392156862745,-1522030,33]}},"4":{"x":0,"y":0,"name":"bg","type":"nbMovie","r":0,"sx":1,"sy":1,"a":1,"skewX":0,"skewY":0,"0":{"index":1,"0":{"type":"bitmap","libName":"大线圈.png","x":-78,"y":-125.5,"r":0,"sx":1,"sy":1,"skewX":0,"skewY":0}},"1":{"index":1,"0":{"type":"bitmap","libName":"大线圈2.png","x":-78,"y":-125.5,"r":0,"sx":1,"sy":1,"skewX":0,"skewY":0}}}}