{"type":"sprite","x":0,"y":0,"name":"compnent","0":{"x":120.5,"y":21.45,"name":"bp5","type":"sprite","r":0,"sx":1,"sy":1,"a":1,"skewX":0,"skewY":0,"0":{"type":"shape","path":[255,0,20,2,20,20,2,20,0,2,0,0,2,0,20,2,0,20,1,0.6980392156862745,-1522030,33]}},"1":{"x":185.5,"y":21.45,"name":"bp6","type":"sprite","r":0,"sx":1,"sy":1,"a":1,"skewX":0,"skewY":0,"0":{"type":"shape","path":[255,0,20,2,20,20,2,20,0,2,0,0,2,0,20,2,0,20,1,0.6980392156862745,-1522030,33]}},"2":{"x":-163.45,"y":21.45,"name":"bp1","type":"sprite","r":0,"sx":1,"sy":1,"a":1,"skewX":0,"skewY":0,"0":{"type":"shape","path":[255,0,20,2,20,20,2,20,0,2,0,0,2,0,20,2,0,20,1,0.6980392156862745,-1522030,33]}},"3":{"x":-113.5,"y":21.45,"name":"bp2","type":"sprite","r":0,"sx":1,"sy":1,"a":1,"skewX":0,"skewY":0,"0":{"type":"shape","path":[255,0,20,2,20,20,2,20,0,2,0,0,2,0,20,2,0,20,1,0.6980392156862745,-1522030,33]}},"4":{"x":-62.5,"y":21.45,"name":"bp3","type":"sprite","r":0,"sx":1,"sy":1,"a":1,"skewX":0,"skewY":0,"0":{"type":"shape","path":[255,0,20,2,20,20,2,20,0,2,0,0,2,0,20,2,0,20,1,0.6980392156862745,-1522030,33]}},"5":{"x":57,"y":21.45,"name":"bp4","type":"sprite","r":0,"sx":1,"sy":1,"a":1,"skewX":0,"skewY":0,"0":{"type":"shape","path":[255,0,20,2,20,20,2,20,0,2,0,0,2,0,20,2,0,20,1,0.6980392156862745,-1522030,33]}},"6":{"x":-212.95,"y":21.45,"name":"bp0","type":"sprite","r":0,"sx":1,"sy":1,"a":1,"skewX":0,"skewY":0,"0":{"type":"shape","path":[255,0,20,2,20,20,2,20,0,2,0,0,2,0,20,2,0,20,1,0.6980392156862745,-1522030,33]}},"7":{"x":0,"y":0,"name":"bg","type":"sprite","r":0,"sx":1,"sy":1,"a":1,"skewX":0,"skewY":0,"0":{"type":"bitmap","libName":"变压器.png","x":-224,"y":-223,"r":0,"sx":1,"sy":1,"skewX":0,"skewY":0}}}