{"type":"sprite","x":0,"y":0,"name":"compnent","0":{"x":28.75,"y":-163.05,"name":"bp2","type":"sprite","r":0,"sx":1,"sy":1,"a":1,"skewX":0,"skewY":0,"0":{"type":"shape","path":[255,0,20,2,20,20,2,20,0,2,0,0,2,0,20,2,0,20,1,0.6980392156862745,-65536,33]}},"1":{"x":-50.75,"y":185.35,"name":"bp1","type":"sprite","r":0,"sx":1,"sy":1,"a":1,"skewX":0,"skewY":0,"0":{"type":"shape","path":[255,0,20,2,20,20,2,20,0,2,0,0,2,0,20,2,0,20,1,0.6980392156862745,-65536,33]}},"2":{"x":32.75,"y":185.35,"name":"bp3","type":"sprite","r":0,"sx":1,"sy":1,"a":1,"skewX":0,"skewY":0,"0":{"type":"shape","path":[255,0,20,2,20,20,2,20,0,2,0,0,2,0,20,2,0,20,1,0.6980392156862745,-65536,33]}},"3":{"x":-49.75,"y":-163.05,"name":"bp0","type":"sprite","r":0,"sx":1,"sy":1,"a":1,"skewX":0,"skewY":0,"0":{"type":"shape","path":[255,0,20,2,20,20,2,20,0,2,0,0,2,0,20,2,0,20,1,0.6980392156862745,-65536,33]}},"4":{"x":-48.5,"y":151.35,"name":"","type":"sprite","r":0,"sx":1,"sy":1,"a":1,"skewX":0,"skewY":0,"0":{"type":"bitmap","libName":"下.png","x":0,"y":0,"r":0,"sx":1,"sy":1,"skewX":0,"skewY":0}},"5":{"x":0,"y":0,"name":"bg","type":"sprite","r":0,"sx":1,"sy":1,"a":1,"skewX":0,"skewY":0,"0":{"type":"bitmap","libName":"上.png","x":-48.5,"y":-176,"r":0,"sx":1,"sy":1,"skewX":0,"skewY":0},"1":{"x":0,"y":0,"name":"glowBox","type":"sprite","r":0,"sx":1,"sy":1,"a":1,"skewX":0,"skewY":0}},"6":{"x":-50.75,"y":-177.05,"name":"","type":"sprite","r":0,"sx":4.9117279052734375,"sy":19.129241943359375,"a":1,"skewX":0,"skewY":0,"0":{"type":"shape","path":[255,0,20,2,20,20,2,20,0,2,0,0,2,0,20,2,0,20,1,0,5526612,33]}}}