{"type":"sprite","x":0,"y":0,"name":"compnent","0":{"x":0,"y":0,"name":"bg","type":"sprite","r":0,"sx":1,"sy":1,"a":1,"skewX":0,"skewY":0,"0":{"type":"bitmap","libName":"瓶子.png","x":-60,"y":-106,"r":0,"sx":1,"sy":1,"skewX":0,"skewY":0}},"1":{"x":0.25,"y":83.95,"name":"","type":"sprite","r":0,"sx":1,"sy":1,"a":1,"skewX":0,"skewY":0,"0":{"type":"shape","path":[255,-10.525,34.3,-6.5689453125,48.5,-0.4,48.5,3,-0.4,48.5,5.78125,48.5,10.15,34.3,3,10.15,34.3,14.5060546875,20.1,14.5,0,3,14.5,0,14.50390625,-20.1,10.175,-34.3,3,10.175,-34.3,5.8380859375,-48.5,-0.65,-48.5,3,-0.65,-48.5,-7.13828125,-48.5,-10.825,-34.3,3,-10.825,-34.3,-14.5041015625,-20.1,-14.5,0,3,-14.5,0,-14.49375,20.1,-10.525,34.3,3,0,6684672,33]}},"2":{"x":-0.45,"y":0,"name":"topH","type":"sprite","r":0,"sx":1,"sy":1,"a":1,"skewX":0,"skewY":0,"0":{"type":"shape","path":[255,-1.7,48.825,3.1603515625,49.1451171875,6.225,34.95,3,6.225,34.95,9.28515625,20.75546875,9.975,0.375,3,9.975,0.375,10.6546875,-20.001953125,5.9,-34.95,3,5.9,-34.95,1.15625,-49.9103515625,-3,-49.2,3,-3,-49.2,-7.1537109375,-48.493359375,-9.825,-34.4,3,-9.825,-34.4,-12.4904296875,-20.3048828125,-12.55,-0.2,3,-12.55,-0.2,-12.609765625,19.9046875,-9.575,34.2,3,-9.575,34.2,-6.5462890625,48.4998046875,-1.7,48.825,3,0,-65536,33]}}}