{"phyData":{"id":"1482918061966","num":1,"sceneid":13881,"pageid":13763,"type":"6","css":{"zIndex":"1"},"properties":{"canvas":"","data":{"version":5,"showElecLine":true,"SHOWEQUVALUE":true,"SHOWTIPPAO":true,"SHOW_FLAG_LABEL":true,"VOLUME":1,"OPEN_ANGLE":false,"SHOW_REFLECT":false,"SHOW_DIRECTION":false,"SHOW_ZULI":false,"play":true,"ZULI_NUM":9.8,"backgroundColorImg":{"colors":{"direction":0,"arr":["#343941"],"style":{"background":"#343941"}},"textureSelected":0},"dataArr":[{"uid":1482917853047,"classname":"Balance","cateid":"5","positionX":0,"positionY":0,"elecLable":"天平","rotation":0,"loadLevel":5,"notexture":"0","ismecJoint":false,"isMechanics":true,"thisX":-42.885460326138,"thisY":9591.5160581534,"fromEquTools":true,"material":{"density":2.7,"elasticity":0.3,"dynamicFriction":0.5,"staticFriction":0.6,"rollingFriction":0.001},"transform":{"a":1,"b":0,"c":0,"d":1,"tx":0,"ty":0},"currentScale":{"x":1,"y":1},"posx":64.97278190686,"posy":9725.382906764,"onekeyph":false,"youbiaoX":-26.11778480907674,"rulerBodyRot":0.021062049456435025,"lc":"100g"},{"uid":1482917862595,"classname":"Stonesg","cateid":"5","positionX":0,"positionY":0,"elecLable":"小矿石","rotation":2.8850960714632,"loadLevel":5,"notexture":"0","ismecJoint":false,"isMechanics":true,"thisX":-745.43503840304,"thisY":9972.4343548509,"fromEquTools":true,"material":{"density":4.990230522965151,"elasticity":0.3,"dynamicFriction":0.5,"staticFriction":0.6,"rollingFriction":0.001},"transform":{"a":1,"b":0,"c":0,"d":1,"tx":0,"ty":0},"currentScale":{"x":1,"y":1},"posx":-745.43503840304,"posy":9972.4343548509,"type":0},{"uid":1502329076814,"classname":"WeightBox","cateid":"5","positionX":0,"positionY":0,"elecLable":"砝码箱","rotation":0,"loadLevel":5,"notexture":"0","ismecJoint":false,"isMechanics":true,"thisX":213.56076883512787,"thisY":9333.863817826461,"fromEquTools":true,"material":{"density":2.7,"elasticity":0.3,"dynamicFriction":0.5,"staticFriction":0.6,"rollingFriction":0.001},"transform":{"a":1,"b":0,"c":0,"d":1,"tx":0,"ty":0},"currentScale":{"x":1,"y":1},"posx":660.117374537626,"posy":9265.875620963563,"p5":{"x":853.966219193003,"y":9245.024186632478},"p10":{"x":818.9158621489008,"y":9238.047129966379},"p20_1":{"x":734.3162130810136,"y":9232.923246997032},"p20_2":{"x":778.3658544113617,"y":9232.936240667488},"p50":{"x":686.7659205869836,"y":9227.044980559334},"p100_1":{"x":565.6652050803017,"y":9219.959935151444},"p100_2":{"x":628.7156873924212,"y":9219.942412624661},"p200":{"x":492.6649078391175,"y":9204.069956812109}},{"uid":1482917977049,"classname":"Stonesg","cateid":"5","positionX":0,"positionY":0,"elecLable":"小矿石","rotation":5.637227171307171,"loadLevel":5,"notexture":"0","ismecJoint":false,"isMechanics":true,"thisX":-642.8439885038074,"thisY":9961.03987785497,"fromEquTools":true,"material":{"density":4.338120328612615,"elasticity":0.3,"dynamicFriction":0.5,"staticFriction":0.6,"rollingFriction":0.001},"transform":{"a":1,"b":0,"c":0,"d":1,"tx":0,"ty":0},"currentScale":{"x":1,"y":1},"posx":-642.8439885038074,"posy":9961.03987785497,"type":4},{"uid":1482917871002,"classname":"Graduate","cateid":"5","positionX":0,"positionY":0,"elecLable":"量筒","rotation":0,"loadLevel":5,"notexture":"0","ismecJoint":false,"isMechanics":true,"thisX":-897.30170293591,"thisY":9632.0869669186,"fromEquTools":true,"material":{"density":2.7,"elasticity":0,"dynamicFriction":0.5,"staticFriction":0.6,"rollingFriction":0.001},"transform":{"a":1,"b":0,"c":0,"d":1,"tx":0,"ty":0},"currentScale":{"x":1,"y":1},"posx":-897.30170293591,"posy":9632.0869669186,"density":1,"alpha":0.5,"ml":30}],"view":{"x":1167.365123484601,"y":-7754.003289181244,"scaleX":0.9100884044789271,"scaleY":0.9100884044789271},"confVer":"1.0.0","forceAndMotionData":"{\"worldData\":{\"caseGrave\":{\"name\":\"考虑重力\",\"typeName\":\"BoolItemDate\",\"checked\":false,\"id\":0,\"canSwap\":false},\"g\":{\"name\":\"重力加速度g\",\"typeName\":\"DragItemData\",\"minValue\":0,\"maxValue\":10000,\"step\":0.1,\"showValue\":10,\"canEnter\":true,\"enterUnit\":\"m/s²\",\"precision\":1,\"canBeAny\":true,\"ifShowBar\":false},\"caseJing\":{\"name\":\"考虑物体间电荷力\",\"typeName\":\"BoolItemDate\",\"checked\":false,\"id\":0,\"canSwap\":false},\"k\":{\"name\":\"静电力恒量k\",\"typeName\":\"DragItemData\",\"minValue\":0,\"maxValue\":1e+44,\"step\":1,\"showValue\":9000000000,\"canEnter\":true,\"enterUnit\":\"N·m²/C²\",\"precision\":1,\"canBeAny\":true,\"ifShowBar\":false},\"caseWan\":{\"name\":\"考虑物体间万有引力\",\"typeName\":\"BoolItemDate\",\"checked\":false,\"id\":0,\"canSwap\":false},\"G\":{\"name\":\"万有引力恒量G\",\"typeName\":\"DragItemData\",\"minValue\":0,\"maxValue\":1e+40,\"step\":0.1,\"showValue\":6.67e-11,\"canEnter\":true,\"enterUnit\":\"N·m²/kg²\",\"precision\":1,\"canBeAny\":true,\"ifShowBar\":false},\"caseCollision\":{\"name\":\"考虑运动物体间碰撞\",\"typeName\":\"BoolItemDate\",\"checked\":true,\"id\":0,\"canSwap\":false},\"clearButton\":{\"name\":\"还原默认值\",\"typeName\":\"ChangeShowButton\",\"text\":\"\",\"index\":0,\"icon\":null,\"hasArrow\":true,\"asIcon\":false,\"height\":\"none\",\"preventEvent\":false},\"foldBool\":{\"name\":\"基础功能设置\",\"typeName\":\"FoldButtonData\",\"folded\":false},\"foldValues\":{\"name\":\"常量设置\",\"typeName\":\"FoldButtonData\",\"folded\":true},\"showName\":{\"name\":\"显示名称\",\"typeName\":\"CheckBoxItem\",\"checked\":false,\"id\":0,\"canSwap\":true},\"showValue\":{\"name\":\"显示数值\",\"typeName\":\"CheckBoxItem\",\"checked\":false,\"id\":0,\"canSwap\":true},\"showDiscom\":{\"name\":\"显示分解\",\"typeName\":\"CheckBoxItem\",\"checked\":false,\"id\":0,\"canSwap\":true},\"showAngle\":{\"name\":\"显示角度\",\"typeName\":\"CheckBoxItem\",\"checked\":false,\"id\":0,\"canSwap\":true},\"adjustArrow\":{\"name\":\"调整箭头适应屏幕\",\"typeName\":\"ButtonDate\",\"text\":\"\",\"index\":0,\"icon\":null,\"hasArrow\":true,\"asIcon\":false,\"height\":\"none\",\"preventEvent\":false},\"tagsItemData\":{\"tags\":[\"力\",\"速度\",\"加速度\"],\"typeName\":\"TagsItemData\",\"selected\":-1},\"ifShowForce\":{\"name\":\"力\",\"typeName\":\"BoolItemDate\",\"checked\":false,\"id\":0,\"canSwap\":false},\"forceScale\":{\"name\":\"力箭头尺寸缩放\",\"typeName\":\"DragItemData\",\"minValue\":1e-10,\"maxValue\":10000000000,\"step\":0.01,\"showValue\":10,\"canEnter\":true,\"enterUnit\":\"m/N\",\"precision\":2,\"canBeAny\":true,\"ifShowBar\":false},\"showForceT\":{\"name\":\"弹力\",\"typeName\":\"BoolItemDate\",\"checked\":false,\"id\":0,\"canSwap\":false},\"showForceH\":{\"name\":\"合力(ΣF)\",\"typeName\":\"CheckBoxItem\",\"checked\":false,\"id\":0,\"canSwap\":true},\"showForceZ\":{\"name\":\"重力(G)\",\"typeName\":\"BoolItemDate\",\"checked\":false,\"id\":0,\"canSwap\":false},\"showForceD\":{\"name\":\"电场力(F)\",\"typeName\":\"CheckBoxItem\",\"checked\":false,\"id\":0,\"canSwap\":true},\"showForceL\":{\"name\":\"洛伦兹力(F)\",\"typeName\":\"CheckBoxItem\",\"checked\":false,\"id\":0,\"canSwap\":false},\"showForceM\":{\"name\":\"摩擦力(F)\",\"typeName\":\"BoolItemDate\",\"checked\":false,\"id\":0,\"canSwap\":false},\"showForceN\":{\"name\":\"阻尼力(F)\",\"typeName\":\"CheckBoxItem\",\"checked\":false,\"id\":0,\"canSwap\":true},\"showForceG\":{\"name\":\"万有引力(F)\",\"typeName\":\"CheckBoxItem\",\"checked\":false,\"id\":0,\"canSwap\":false},\"showForceK\":{\"name\":\"电荷力(F)\",\"typeName\":\"CheckBoxItem\",\"checked\":false,\"id\":0,\"canSwap\":true},\"ifShowVol\":{\"name\":\"速度\",\"typeName\":\"BoolItemDate\",\"checked\":false,\"id\":0,\"canSwap\":false},\"volScale\":{\"name\":\"速度箭头尺寸缩放\",\"typeName\":\"DragItemData\",\"minValue\":1e-10,\"maxValue\":10000000000,\"step\":0.01,\"showValue\":10,\"canEnter\":true,\"enterUnit\":\"s\",\"precision\":2,\"canBeAny\":true,\"ifShowBar\":false},\"ifShowAVol\":{\"name\":\"加速度\",\"typeName\":\"BoolItemDate\",\"checked\":false,\"id\":0,\"canSwap\":false},\"avolScale\":{\"name\":\"加速度箭头尺寸缩放\",\"typeName\":\"DragItemData\",\"minValue\":1e-10,\"maxValue\":10000000000,\"step\":0.01,\"showValue\":10,\"canEnter\":true,\"enterUnit\":\"s²\",\"precision\":2,\"canBeAny\":true,\"ifShowBar\":false}},