{"phyData":{"id":"148290561431282","num":1,"sceneid":13879,"pageid":13761,"type":"6","css":{"zIndex":"1"},"properties":{"canvas":"","data":{"version":5,"showElecLine":true,"SHOWEQUVALUE":true,"SHOWTIPPAO":true,"SHOW_FLAG_LABEL":true,"VOLUME":1,"OPEN_ANGLE":false,"SHOW_REFLECT":false,"SHOW_DIRECTION":false,"SHOW_ZULI":false,"play":true,"ZULI_NUM":9.8,"backgroundColorImg":{"colors":{"direction":0,"arr":["#343941"],"style":{"background":"#343941"}},"textureSelected":0},"dataArr":[{"uid":1482905249953,"classname":"Balance","cateid":"5","positionX":0,"positionY":0,"elecLable":"天平","rotation":0,"loadLevel":5,"notexture":"0","ismecJoint":false,"isMechanics":true,"thisX":-783.51830484323,"thisY":9173.9863636938,"fromEquTools":true,"material":{"density":2.7,"elasticity":0.3,"dynamicFriction":0.5,"staticFriction":0.6,"rollingFriction":0.001},"transform":{"a":1,"b":0,"c":0,"d":1,"tx":0,"ty":0},"currentScale":{"x":1,"y":1},"posx":-402.39639663356,"posy":9476.8072515784,"onekeyph":false,"youbiaoX":-116,"rulerBodyRot":0.012307482951949696,"lc":"100g"},{"uid":1482905263497,"classname":"Stonesg","cateid":"5","positionX":0,"positionY":0,"elecLable":"小矿石","rotation":2.6373031113824004,"loadLevel":5,"notexture":"0","ismecJoint":false,"isMechanics":true,"thisX":-1197.0959748493,"thisY":9972.5095219698,"fromEquTools":true,"material":{"density":4.990230522965151,"elasticity":0.3,"dynamicFriction":0.5,"staticFriction":0.6,"rollingFriction":0.001},"transform":{"a":1,"b":0,"c":0,"d":1,"tx":0,"ty":0},"currentScale":{"x":1,"y":1},"posx":-1197.0959748493,"posy":9972.5095219698,"type":0},{"uid":1502328973552,"classname":"WeightBox","cateid":"5","positionX":0,"positionY":0,"elecLable":"砝码箱","rotation":0,"loadLevel":5,"notexture":"0","ismecJoint":false,"isMechanics":true,"thisX":-43.10794608475544,"thisY":9289.705438244142,"fromEquTools":true,"material":{"density":2.7,"elasticity":0.3,"dynamicFriction":0.5,"staticFriction":0.6,"rollingFriction":0.001},"transform":{"a":1,"b":0,"c":0,"d":1,"tx":0,"ty":0},"currentScale":{"x":1,"y":1},"posx":696.0753320386635,"posy":9577.777488307946,"p5":{"x":889.9253320386368,"y":9556.973177181995},"p10":{"x":854.8753320386504,"y":9549.937754439092},"p20_1":{"x":770.2753320386512,"y":9544.8242692097},"p20_2":{"x":814.3253320386475,"y":9544.836372223735},"p50":{"x":722.725332038648,"y":9538.9456010739},"p100_1":{"x":601.6253320386405,"y":9531.860135589302},"p100_2":{"x":664.6753320386458,"y":9531.84248060054},"p200":{"x":528.6253320386375,"y":9515.972437869188}},{"uid":1482905403972,"classname":"WaterBeakerSmall","cateid":"5","positionX":0,"positionY":0,"elecLable":"装水的小烧杯","rotation":0,"loadLevel":5,"notexture":"0","ismecJoint":false,"isMechanics":true,"thisX":-4308.6265961613,"thisY":9841.1,"fromEquTools":true,"material":{"density":2.7,"elasticity":0,"dynamicFriction":0.5,"staticFriction":0.6,"rollingFriction":0.001},"transform":{"a":1,"b":0,"c":0,"d":1,"tx":0,"ty":0},"currentScale":{"x":1,"y":1},"posx":-4308.6265961613,"posy":9841.1,"density":1,"alpha":0.15,"ml":0},{"uid":1482905594712,"classname":"WaterBeakerSmall","cateid":"5","positionX":0,"positionY":0,"elecLable":"装水的小烧杯","rotation":0,"loadLevel":5,"notexture":"0","ismecJoint":false,"isMechanics":true,"thisX":-1848.507343826,"thisY":9841.1013251779,"fromEquTools":true,"material":{"density":2.7,"elasticity":0,"dynamicFriction":0.5,"staticFriction":0.6,"rollingFriction":0.001},"transform":{"a":1,"b":0,"c":0,"d":1,"tx":0,"ty":0},"currentScale":{"x":1,"y":1},"posx":-1848.507343826,"posy":9841.1013251779,"density":1,"alpha":0.15,"ml":0},{"uid":1482905556632,"classname":"WaterBeakerSmall","cateid":"5","positionX":0,"positionY":0,"elecLable":"装水的小烧杯","rotation":0,"loadLevel":5,"notexture":"0","ismecJoint":false,"isMechanics":true,"thisX":-1498.5995245914,"thisY":9841.0540536363,"fromEquTools":true,"material":{"density":2.7,"elasticity":0,"dynamicFriction":0.5,"staticFriction":0.6,"rollingFriction":0.001},"transform":{"a":1,"b":0,"c":0,"d":1,"tx":0,"ty":0},"currentScale":{"x":1,"y":1},"posx":-1498.5995245914,"posy":9841.0540536363,"density":1,"alpha":0.15,"ml":40}],"view":{"x":1512.5385533024128,"y":-5565.487021809229,"scaleX":0.6983255616850552,"scaleY":0.6983255616850552},"confVer":"1.0.0",